序號,縣市,監測日期,測站,二氧化硫
SO2
(ppb),一氧化碳
CO
(ppm),二氧化碳
CO2
(ppm),臭氧
O3
(ppb),"懸浮微粒
PM 10 
(μg/m 3 )","細懸浮微粒
PM 2.5 
(μg/m 3 )",氮氧化物
NOx
(ppb),一氧化氮
NO
(ppb),二氧化氮
NO2
(ppb),總碳氫化合物
THC
(ppm),非甲烷碳氫化合物
NMHC
(ppm),甲烷
CH4
(ppm),風速
WIND_SPEED
(m/sec),小時風速值
WS_HR
(m/sec),溫度
AMB_TEMP
(℃),降雨強度
RAIN_INT
(㎜),酸雨
PH_RAIN
(pH),相對濕度
RH
(percent),導電度
RAIN_COND
(μmho/cm)
1,臺北市,2018/05/07,松山,4.8,0.54,453.43,19.1,34,17,33.82,9.83,23.99,2.051,0.205,1.845,1.26,0.94,28.06,-,-,73.49,-
2,臺北市,2018/05/07,古亭,3.2,0.55,-,20.9,34,15,28.35,6.67,21.68,2.077,0.169,1.908,1.42,1.16,28.68,-,-,69.3,-
3,臺北市,2018/05/07,中山,5,0.7,-,10.3,36,17,39.82,11.37,28.46,2.207,0.224,1.983,1.54,1.14,28.96,-,-,73.53,-
4,臺北市,2018/05/07,大同,5.4,1.48,-,-,52,18,76.17,40.6,35.57,2.503,0.481,2.023,-,-,-,-,-,-,-
5,臺北市,2018/05/07,萬華,3.2,0.61,-,16.2,32,17,31.7,7.96,23.74,-,-,-,1.42,1.07,29.33,-,-,70.13,-
6,臺北市,2018/05/07,陽明,1.8,0.18,422.03,28.2,19,13,15.11,1.69,13.43,-,-,-,1.76,-,22.27,0,0,89.91,0
7,臺北市,2018/05/07,士林,3.4,0.49,-,20.3,38,19,22.91,3.31,19.6,-,-,-,1.42,1.05,29.45,-,-,75.27,-
8,臺北市,2018/05/06,松山,5,0.51,450.54,39.2,40,21,22.85,3.17,19.68,2.025,0.155,1.87,1.4,1.05,27.45,-,-,67.13,-
9,臺北市,2018/05/06,古亭,3.2,0.51,-,38.3,41,18,21.06,2.36,18.69,2.089,0.13,1.958,1.49,1.15,27.83,-,-,65.86,-
10,臺北市,2018/05/06,中山,2.7,0.59,-,30.3,44,21,25.64,4.49,21.15,2.134,0.161,1.973,1.63,1.12,28.11,-,-,70.23,-
11,臺北市,2018/05/06,大同,4,1.06,-,-,57,19,50.88,20.57,30.32,2.383,0.288,2.095,-,-,-,-,-,-,-
12,臺北市,2018/05/06,萬華,2.9,0.53,-,30.2,38,18,24.6,3.47,21.14,-,-,-,1.48,1.08,28.23,-,-,67.88,-
13,臺北市,2018/05/06,陽明,2.8,0.23,425.8,41.2,20,15,6.12,1.62,4.45,-,-,-,1.88,-,21.4,0,0,88.64,0
14,臺北市,2018/05/06,士林,3.1,0.35,-,29.4,33,19,14.48,2.18,12.3,-,-,-,1.37,1.22,28.31,-,-,74.19,-
15,臺北市,2018/05/05,松山,2,0.38,429.22,42.4,27,11,15.51,2.17,13.34,1.874,0.085,1.788,1.15,0.86,26.48,-,-,62.45,-
16,臺北市,2018/05/05,古亭,2,0.43,-,50,32,17,17.86,2.26,15.61,2.028,0.106,1.922,1.38,1.21,26.8,-,-,60.98,-
17,臺北市,2018/05/05,中山,1.9,0.6,-,41.7,42,20,29.03,2.89,26.18,2.129,0.163,1.965,1.3,0.98,26.87,-,-,66.89,-
18,臺北市,2018/05/05,大同,2.3,1.07,-,-,54,19,54.6,20.83,33.78,2.343,0.306,2.037,-,-,-,-,-,-,-
19,臺北市,2018/05/05,萬華,2,0.5,-,48.1,42,18,21.98,2.09,19.89,-,-,-,1.28,0.89,27.11,-,-,63.2,-
20,臺北市,2018/05/05,陽明,1,0.27,422.32,55.9,22,17,4.1,0.49,3.52,-,-,-,1.44,-,19.9,0,0,89.93,0
21,臺北市,2018/05/05,士林,2.6,0.36,-,46.5,35,19,13.88,1.83,12.05,-,-,-,1.61,1.39,26.98,-,-,71.07,-
22,臺北市,2018/05/04,松山,2.2,0.31,425.63,46.8,32,11,16.79,3.03,13.76,1.802,0.063,1.738,2.15,1.54,23.97,-,-,58.6,-
23,臺北市,2018/05/04,古亭,1.3,0.26,-,51.1,31,10,12.27,1.53,10.74,1.896,0.05,1.846,3.39,3.09,24.31,-,-,56.75,-
24,臺北市,2018/05/04,中山,0.6,0.41,-,41.7,33,13,21.48,3,18.49,1.978,0.105,1.873,2.99,2.57,24.39,-,-,62.75,-
25,臺北市,2018/05/04,大同,2.5,0.88,-,-,47,11,59.04,26.54,32.49,2.187,0.252,1.935,-,-,-,-,-,-,-
26,臺北市,2018/05/04,萬華,2.3,0.35,-,42.9,32,13,20.52,2.79,17.72,-,-,-,2.76,2.42,24.77,-,-,58.02,-
27,臺北市,2018/05/04,陽明,2.4,0.18,416.71,54,15,8,2.78,0.76,1.99,-,-,-,3.07,-,16.38,0,0,88.16,0
28,臺北市,2018/05/04,士林,2.2,0.22,-,49.7,28,10,7.69,1.75,5.94,-,-,-,3.2,2.84,24.9,-,-,63.62,-
29,臺北市,2018/05/03,松山,2.3,0.41,428.88,53.4,51,25,19.05,1.68,17.36,1.885,0.086,1.799,1.84,1.47,21.92,-,-,74.18,-
30,臺北市,2018/05/03,古亭,2.4,0.49,-,56.1,50,25,18.02,1.62,16.39,1.989,0.081,1.908,3.32,2.85,22.38,-,-,72.47,-
31,臺北市,2018/05/03,中山,2.7,0.55,-,48,56,31,-,-,-,2.096,0.144,1.951,2.68,2.14,22.7,-,-,74.82,-
32,臺北市,2018/05/03,大同,2.8,0.7,-,-,67,27,-,-,-,2.151,0.175,1.977,-,-,-,-,-,-,-
33,臺北市,2018/05/03,萬華,1.2,0.46,-,54.7,47,25,20.16,2.3,17.86,-,-,-,3.1,2.91,22.84,-,-,72.37,-
34,臺北市,2018/05/03,陽明,1.4,0.3,427.85,67.8,19,13,2.12,0.51,1.57,-,-,-,3.21,-,15.05,0.64,4.28,96.76,108.54
35,臺北市,2018/05/03,士林,2.8,0.36,-,57.8,42,25,10.16,1.67,8.49,-,-,-,3.04,2.37,23.05,-,-,73.58,-
36,臺北市,2018/05/02,松山,3.5,0.45,443.98,21.4,43,25,28.66,6.49,22.17,2.018,0.187,1.832,1.45,1.04,28,-,-,70.9,-
37,臺北市,2018/05/02,古亭,3.4,0.46,-,27.2,45,23,23.42,4.37,19.05,2.064,0.145,1.919,1.94,1.49,28.75,-,-,67.64,-
38,臺北市,2018/05/02,中山,3.2,0.63,-,22.1,47,27,31.98,7.59,24.41,2.077,0.192,1.885,1.86,1.37,28.84,-,-,72.16,-
39,臺北市,2018/05/02,大同,3.5,1.26,-,-,57,24,55.02,26.46,28.56,2.391,0.371,2.02,-,-,-,-,-,-,-
40,臺北市,2018/05/02,萬華,3.2,0.52,-,23.6,44,21,23.79,4.75,19.05,-,-,-,1.75,1.31,29.22,-,-,69.02,-
41,臺北市,2018/05/02,陽明,1,0.2,433.55,35.1,20,16,4.22,0.57,3.59,-,-,-,1.72,-,21.48,1,4.53,91.74,33.2
42,臺北市,2018/05/02,士林,3.2,0.43,-,17.4,41,20,19.57,4.01,15.56,-,-,-,1.74,1.54,28.69,-,-,76.62,-
43,臺北市,2018/05/01,松山,6,0.65,461.39,31.4,47,33,33.07,6.43,26.64,2.153,0.214,1.939,1,0.78,27,-,-,72.41,-
44,臺北市,2018/05/01,古亭,4.3,0.53,-,28.2,43,24,25.66,4.29,21.36,2.129,0.155,1.973,1.59,1.19,27.41,-,-,70.23,-
45,臺北市,2018/05/01,中山,3.9,0.68,-,25.1,49,30,29.52,4.68,24.84,2.155,0.187,1.968,1.5,1.2,27.77,-,-,74.18,-
46,臺北市,2018/05/01,大同,4.5,1.43,-,-,62,27,69.06,34.5,34.57,2.504,0.409,2.095,-,-,-,-,-,-,-
47,臺北市,2018/05/01,萬華,3.4,0.63,-,24.8,42,27,28.17,4.08,24.09,-,-,-,1.28,0.93,28,-,-,71.46,-
48,臺北市,2018/05/01,陽明,2.4,0.28,440.08,41.6,25,22,5.5,0.68,4.8,-,-,-,1.17,-,20.73,0,0,90.16,0
49,臺北市,2018/05/01,士林,3.3,0.53,-,20.1,41,23,20.58,2.86,17.72,-,-,-,1.44,1.22,27.75,-,-,78.29,-
50,新北市,2018/05/07,板橋,4.1,0.75,-,18,49,24,36.8,7.27,29.54,2.438,0.344,2.093,1.68,1.29,29.58,0,0,68.15,0
51,新北市,2018/05/07,三重,5,1.37,-,-,55,17,79.96,43.99,35.97,2.462,0.469,1.993,-,-,29.58,-,-,69.31,-
52,新北市,2018/05/07,菜寮,4.5,0.64,-,15.4,41,24,29.45,6.27,23.19,-,-,-,1.74,1.41,29.4,-,-,67.62,-
53,新北市,2018/05/07,永和,3.1,0.85,-,18.5,34,19,35.12,11.39,23.73,2.153,0.275,1.879,1.5,1.08,29.46,-,-,69.13,-
54,新北市,2018/05/07,新莊,4.9,0.73,-,19.5,47,23,39.36,10.26,29.1,-,-,-,1.93,1.42,29.62,-,-,62.88,-
55,新北市,2018/05/07,新店,2.6,0.43,-,22.5,33,20,19.74,3.59,16.15,-,-,-,1.54,1.24,28.58,-,-,71.22,-
56,新北市,2018/05/07,淡水,3.4,0.39,-,12.6,41,16,18.55,3.9,14.66,-,-,-,1.44,-,29.35,-,-,71.13,-
57,新北市,2018/05/07,汐止,13.4,0.49,-,15.7,36,22,31.51,10.41,21.1,-,-,-,1.39,1.07,27.65,-,-,83.25,-
58,新北市,2018/05/07,土城,3.5,0.51,-,23.4,42,23,24.76,4.7,20.06,2.144,0.201,1.943,1.3,0.83,29.33,-,-,68.5,-
59,新北市,2018/05/07,林口,3.6,0.32,-,20.4,46,19,22.31,4.73,17.58,-,-,-,2.5,2.19,27.2,-,-,80.18,-
60,新北市,2018/05/07,富貴角,1.1,0.19,-,22.7,28,18,7.22,0.85,6.44,1.879,0.032,1.849,3.09,2.65,26.75,-,-,82.83,-
61,新北市,2018/05/07,萬里,4,0.28,-,25.2,38,19,11.89,2.19,9.68,-,-,-,2.09,1.84,26.3,0,0,79.92,0
62,新北市,2018/05/06,板橋,3.8,0.6,-,29,47,24,24.7,2.5,22.2,2.282,0.236,2.046,1.64,1.15,28.41,0,0,66.32,0
63,新北市,2018/05/06,三重,4.1,1.03,-,-,54,18,67.16,36.79,30.37,2.268,0.312,1.956,-,-,28.28,-,-,68.59,-
64,新北市,2018/05/06,菜寮,2.3,0.48,-,21.5,37,21,18.23,2.12,16.11,-,-,-,1.7,1.3,28.07,-,-,67.21,-
65,新北市,2018/05/06,永和,3.2,0.75,-,31.8,36,21,29.63,6.74,22.89,2.174,0.227,1.947,1.34,1.08,28.51,-,-,66.58,-
66,新北市,2018/05/06,新莊,3.5,0.51,-,32.9,40,20,20.6,4.13,16.47,-,-,-,1.68,1.34,28.39,-,-,61.26,-
67,新北市,2018/05/06,新店,3,0.43,-,43.2,35,24,15.86,1.89,13.96,-,-,-,1.63,1.21,27.74,-,-,68.78,-
68,新北市,2018/05/06,淡水,3.3,0.36,-,22.3,35,15,12.72,1.84,10.87,-,-,-,1.4,-,28.18,-,-,70.63,-
69,新北市,2018/05/06,汐止,6.6,0.49,-,37.5,37,27,24.16,4.92,19.24,-,-,-,1.34,1.01,27.04,-,-,75.63,-
70,新北市,2018/05/06,土城,4.2,0.57,-,33.6,46,24,22.01,4.05,17.97,2.181,0.197,1.984,1.16,0.72,28.11,-,-,68.79,-
71,新北市,2018/05/06,林口,3.6,0.35,-,35,46,22,15.57,2.19,13.38,-,-,-,2.07,1.95,25.85,-,-,80.7,-
72,新北市,2018/05/06,富貴角,1.7,0.23,-,40.8,34,20,5.06,0.45,4.75,1.92,0.036,1.884,1.56,1.46,26.17,-,-,78.64,-
73,新北市,2018/05/06,萬里,3.8,0.31,-,45,42,22,7.56,1.34,6.22,-,-,-,2.7,2.47,25.42,0,0,74.2,0
74,新北市,2018/05/05,板橋,2.8,0.54,-,42.7,41,20,21.59,2.23,19.35,2.154,0.19,1.964,1.58,1.21,26.94,4.25,4.26,62.64,14.65
75,新北市,2018/05/05,三重,2.8,1.17,-,-,56,20,85.57,42.33,43.24,2.37,0.352,2.018,-,-,27.18,-,-,64.33,-
76,新北市,2018/05/05,菜寮,2.5,0.5,-,34.2,37,20,18.96,2.02,16.94,-,-,-,1.53,1.13,26.8,-,-,63.09,-
77,新北市,2018/05/05,永和,1.2,0.81,-,40.5,35,17,33.51,7.83,25.68,2.161,0.253,1.908,1.38,1.03,27.47,-,-,62.57,-
78,新北市,2018/05/05,新莊,3.2,0.47,-,50.1,41,21,20.37,2.69,17.69,-,-,-,1.8,1.72,26.84,-,-,58.59,-
79,新北市,2018/05/05,新店,1.5,0.38,-,49.1,27,15,13.42,2.25,11.17,-,-,-,1.82,1.48,26.67,-,-,65.05,-
80,新北市,2018/05/05,淡水,2.6,0.36,-,38,42,17,11.81,0.67,11.14,-,-,-,1.67,-,26.35,-,-,69.67,-
81,新北市,2018/05/05,汐止,2.1,0.37,-,34.4,24,16,20.33,4.02,16.31,-,-,-,1.11,0.8,26.39,-,-,71.25,-
82,新北市,2018/05/05,土城,2.1,0.54,-,39.4,42,23,24.59,3.69,20.89,2.132,0.177,1.955,1.17,0.8,26.48,-,-,67.51,-
83,新北市,2018/05/05,林口,3.8,0.36,-,49.4,53,25,18.94,3.02,15.92,-,-,-,1.97,1.82,23.93,-,-,80.86,-
84,新北市,2018/05/05,富貴角,0.8,0.2,-,44,28,17,3.93,0.35,3.67,1.92,0.026,1.894,0.98,1.08,24.4,-,-,77.1,-
85,新北市,2018/05/05,萬里,3,0.24,-,42.6,29,13,7.79,1.5,6.29,-,-,-,2.93,2.8,24.83,0,0,68.19,0
86,新北市,2018/05/04,板橋,2.3,0.42,-,42.5,31,11,17.86,1.99,15.87,2.108,0.157,1.951,2.7,2.25,24.6,0,0,57.28,0
87,新北市,2018/05/04,三重,3.4,1.01,-,-,52,10,76.49,41.23,35.26,2.225,0.294,1.931,-,-,25.13,-,-,57.94,-
88,新北市,2018/05/04,菜寮,1.3,0.34,-,37.9,28,11,13.03,1.79,11.24,-,-,-,3.66,3.38,24.7,-,-,56.41,-
89,新北市,2018/05/04,永和,0.9,0.35,-,49.8,25,8,13.98,2.44,11.54,1.884,0.095,1.789,3.07,2.83,24.91,-,-,59.54,-
90,新北市,2018/05/04,新莊,1.9,0.32,-,51.9,29,10,13.41,2.27,11.14,-,-,-,4.87,4.16,24.72,-,-,52.8,-
91,新北市,2018/05/04,新店,1.6,0.26,-,52.1,29,11,8.07,1.31,6.76,-,-,-,3.6,3.11,24.23,-,-,62.03,-
92,新北市,2018/05/04,淡水,2.8,0.21,-,39.7,37,12,6.85,1.07,5.78,-,-,-,2.96,-,24.35,-,-,60.33,-
93,新北市,2018/05/04,汐止,1.4,0.25,-,51.7,28,15,11.98,1.58,10.41,-,-,-,2.27,2,24.23,-,-,64.83,-
94,新北市,2018/05/04,土城,1.1,0.32,-,48.7,29,11,9.85,1.14,8.71,1.976,0.073,1.903,2.04,1.1,24.85,-,-,58.07,-
95,新北市,2018/05/04,林口,1.8,0.24,-,52.4,37,15,13.66,2.51,11.15,-,-,-,4.58,3.86,21.78,-,-,70.28,-
96,新北市,2018/05/04,富貴角,1.1,0.15,-,57,29,15,2.48,0.11,2.47,1.868,0.001,1.87,9.47,9.49,22.96,-,-,65.21,-
97,新北市,2018/05/04,萬里,4.3,0.19,-,51.9,28,11,6.99,1.11,5.87,-,-,-,3.54,2.95,22.78,0,0,62.86,0
98,新北市,2018/05/03,板橋,3.2,0.51,-,52.3,58,30,19.2,1.89,17.31,2.158,0.149,2.009,3.15,2.73,22.66,0.5,5.81,71.14,145.2
99,新北市,2018/05/03,三重,2.3,1.16,-,-,69,24,75.7,36.73,38.97,2.276,0.307,1.969,-,-,23.3,-,-,69.35,-
100,新北市,2018/05/03,菜寮,2.6,0.41,-,44.5,42,26,11.25,0.42,10.78,-,-,-,3.63,3.39,22.83,-,-,68.76,-
101,新北市,2018/05/03,永和,1.5,0.54,-,56.1,50,27,18.8,2.21,16.59,1.972,0.111,1.861,3.02,2.77,22.95,-,-,73.19,-
102,新北市,2018/05/03,新莊,2.6,0.49,-,60.4,50,25,15.87,2.26,13.61,-,-,-,4.58,4.04,22.69,-,-,66.56,-
103,新北市,2018/05/03,新店,2.4,0.43,-,56.3,51,27,13.64,1.42,12.22,-,-,-,2.2,1.57,22.46,-,-,75.5,-
104,新北市,2018/05/03,淡水,2.2,0.42,-,46.8,49,24,8.58,1.38,7.2,-,-,-,1.81,-,22.36,-,-,71.96,-
105,新北市,2018/05/03,汐止,-,0.4,-,59.8,49,32,14.97,1.89,13.08,-,-,-,3.08,2.83,21.69,-,-,83.67,-
106,新北市,2018/05/03,土城,2.6,0.45,-,57.3,56,31,12.65,1.25,11.4,2.056,0.097,1.958,1.79,0.65,22.84,-,-,73.57,-
107,新北市,2018/05/03,林口,1.8,0.37,-,58.5,53,28,16.9,2.59,14.31,-,-,-,3.37,2.75,20.33,-,-,83.13,-
108,新北市,2018/05/03,富貴角,0.5,0.27,-,68.7,57,30,1.98,0.14,1.98,1.938,0.017,1.921,7.95,7.94,21.3,-,-,79.35,-
109,新北市,2018/05/03,萬里,2.5,0.31,-,69.1,78,27,4.93,0.81,4.11,-,-,-,4.75,4.62,21.78,0.5,3.89,76.83,129.9
110,新北市,2018/05/02,板橋,5,0.54,-,21.4,52,27,27.22,6.5,20.72,2.327,0.287,2.04,2.28,1.94,29.18,0,0,67.6,0
111,新北市,2018/05/02,三重,3.7,1.2,-,-,59,22,75.47,47.39,28.08,2.344,0.402,1.942,-,-,29.18,-,-,69.69,-
112,新北市,2018/05/02,菜寮,3.8,0.46,-,15.2,43,26,19.21,3.42,15.79,-,-,-,2.19,1.65,28.85,-,-,68.65,-
113,新北市,2018/05/02,永和,3.8,0.85,-,21.2,44,24,38.83,13.32,25.51,2.127,0.258,1.869,1.82,1.47,29.55,-,-,67.06,-
114,新北市,2018/05/02,新莊,4.2,0.55,-,21.8,45,23,28.85,9.56,19.29,-,-,-,2.32,2.12,28.98,-,-,63.4,-
115,新北市,2018/05/02,新店,4.9,0.41,-,28.8,43,28,20.33,3.47,16.86,-,-,-,2.05,1.47,28.78,-,-,68.16,-
116,新北市,2018/05/02,淡水,2.8,0.38,-,12.8,46,20,15.9,3.18,12.72,-,-,-,1.61,-,27.59,-,-,77.5,-
117,新北市,2018/05/02,汐止,4.7,0.45,-,27.1,39,27,25.79,7.85,17.94,-,-,-,1.68,1.33,27.87,-,-,78.27,-
118,新北市,2018/05/02,土城,4.8,0.47,-,24,47,26,25.45,6.23,19.22,2.138,0.192,1.946,1.66,1.02,29,-,-,67.83,-
119,新北市,2018/05/02,林口,4.3,0.26,-,22.3,46,22,15.18,3.16,12.02,-,-,-,2.8,2.37,26.12,-,-,82.82,-
120,新北市,2018/05/02,富貴角,1,0.2,-,23.7,27,17,6.17,0.7,5.54,1.903,0.035,1.868,4.16,3.9,26.07,-,-,83.13,-
121,新北市,2018/05/02,萬里,4.2,0.31,-,37.2,40,23,9.78,1.9,7.88,-,-,-,2.93,2.61,26.48,1.83,4.15,75.55,83.63
122,新北市,2018/05/01,板橋,6,0.79,-,20.9,65,38,33.9,5.95,27.95,2.56,0.343,2.218,1.55,1.13,27.92,0,0,70.93,0
123,新北市,2018/05/01,三重,3.9,1.11,-,-,64,26,70.96,37.46,33.5,2.39,0.341,2.049,-,-,27.9,-,-,72.25,-
124,新北市,2018/05/01,菜寮,3.6,0.62,-,17.6,47,30,24.52,4.93,19.59,-,-,-,1.37,1.01,27.7,-,-,70.99,-
125,新北市,2018/05/01,永和,4.7,0.94,-,22.5,46,29,40.14,11.72,28.42,2.237,0.296,1.941,1.38,0.99,28.27,-,-,69.66,-
126,新北市,2018/05/01,新莊,5.9,0.78,-,21.5,53,32,34.94,9.83,25.1,-,-,-,1.62,1.23,27.85,-,-,66.92,-
127,新北市,2018/05/01,新店,3.4,0.51,-,34.9,45,29,19.38,2.61,16.78,-,-,-,1.4,1.13,27.35,-,-,71.12,-
128,新北市,2018/05/01,淡水,3.5,0.48,-,16.6,47,24,18.21,3.5,14.71,-,-,-,1.15,-,26.78,-,-,79.43,-
129,新北市,2018/05/01,汐止,7.6,0.65,-,34,49,38,36.1,11.71,24.39,-,-,-,1.32,1.02,26.94,-,-,80.19,-
130,新北市,2018/05/01,土城,4.9,0.63,-,24.7,59,37,29.3,6.75,22.55,2.238,0.233,2.006,1.23,0.79,27.53,-,-,73.13,-
131,新北市,2018/05/01,林口,5,0.55,-,21.9,59,33,27.85,6.13,21.72,-,-,-,1.65,1.48,25.31,-,-,85.26,-
132,新北市,2018/05/01,富貴角,2.1,0.32,-,38.3,37,29,7.96,0.66,7.41,2.018,0.063,1.955,1.5,1.43,25.38,-,-,84.2,-
133,新北市,2018/05/01,萬里,5,0.39,-,48.4,46,31,10.05,1.6,8.45,-,-,-,2.31,2.09,25.26,0,0,77.75,0
134,臺中市,2018/05/07,西屯,2.4,0.22,-,12,39,11,12.18,1.32,10.87,1.907,0.108,1.798,3.15,2.99,28.35,0,0,69.23,0
135,臺中市,2018/05/07,忠明,3.2,0.28,-,17.7,31,14,13.79,1.93,11.86,1.762,0.08,1.682,2.42,1.95,30.07,-,-,66.33,-
136,臺中市,2018/05/07,豐原,2.6,0.24,-,21.6,31,16,11.45,2.58,8.86,1.904,0.229,1.675,4.25,4.04,27.98,-,-,66.65,-
137,臺中市,2018/05/07,沙鹿,2.3,0.21,-,17.9,19,9,11.23,2.3,8.93,-,-,-,3.5,3.22,28.55,-,-,72.9,-
138,臺中市,2018/05/07,大里,2.6,0.28,413.43,17.6,43,12,12.68,2.25,10.41,1.804,0.093,1.711,2.97,2.75,29.2,-,-,68.56,-
139,臺中市,2018/05/06,西屯,2.5,0.25,-,30.5,48,19,10.3,0.61,9.72,1.932,0.086,1.845,2.66,2.25,28.18,0,0,64.97,0
140,臺中市,2018/05/06,忠明,2.4,0.3,-,31.5,38,18,12.05,1.64,10.42,1.807,0.079,1.728,2,1.65,29.99,-,-,61.8,-
141,臺中市,2018/05/06,豐原,2.9,0.28,-,33.5,38,16,9.82,1.2,8.61,1.778,0.081,1.697,3.31,2.83,27.7,-,-,62.6,-
142,臺中市,2018/05/06,沙鹿,2.8,0.25,-,34.2,40,16,10.13,1.79,8.33,-,-,-,3.1,2.8,28.15,-,-,70,-
143,臺中市,2018/05/06,大里,2.4,0.33,426.46,29.5,51,13,9.95,0.81,9.12,1.841,0.077,1.764,2.38,2.17,28.87,-,-,66.25,-
144,臺中市,2018/05/05,西屯,6.8,0.43,-,50.2,60,28,16.1,0.66,15.43,2.019,0.122,1.897,1.87,1.66,26.96,0,0,63.66,0
145,臺中市,2018/05/05,忠明,5.2,0.47,-,50,58,25,19.15,1.48,17.66,1.855,0.095,1.76,1.83,1.55,28.63,-,-,61,-
146,臺中市,2018/05/05,豐原,2.8,0.36,-,53,40,22,12.69,3.13,9.56,1.846,0.091,1.755,2.43,2.19,26.08,-,-,62.66,-
147,臺中市,2018/05/05,沙鹿,3.7,0.4,-,52.1,53,21,14.77,1.91,12.85,-,-,-,2.16,1.91,26.76,-,-,68.4,-
148,臺中市,2018/05/05,大里,3.6,0.43,430.27,41.2,65,20,15.55,1.58,13.97,1.932,0.1,1.832,2.07,1.96,27.75,-,-,65.47,-
149,臺中市,2018/05/04,西屯,4,0.53,-,45.8,64,32,25.47,3,22.46,2.258,0.279,1.978,1.65,1.42,25.29,0,0,67.46,0
150,臺中市,2018/05/04,忠明,3.6,0.62,-,43.5,58,30,29.57,3.09,26.47,2.118,0.231,1.887,1.6,1.14,26.89,-,-,65.32,-
151,臺中市,2018/05/04,豐原,2.9,0.43,-,39.4,48,25,19.32,3.42,15.9,1.982,0.2,1.781,1.77,1.37,25.01,-,-,70.67,-
152,臺中市,2018/05/04,沙鹿,3.5,0.49,-,47.1,53,24,21.8,2.45,19.35,-,-,-,2.2,1.94,24.45,-,-,72.9,-
153,臺中市,2018/05/04,大里,3.6,0.68,442.79,42.7,79,31,27.69,3.87,23.8,2.272,0.312,1.96,1.45,1.19,26.03,-,-,72.54,-
154,臺中市,2018/05/03,西屯,1.8,0.33,-,37.5,45,18,13.63,1.13,12.5,1.981,0.114,1.867,3.5,3.07,25.61,0,0,67.06,0
155,臺中市,2018/05/03,忠明,2,0.39,-,33.5,38,17,16.63,1.84,14.79,1.901,0.121,1.781,2.38,1.9,27.27,-,-,64.69,-
156,臺中市,2018/05/03,豐原,1.8,0.32,-,32.2,36,17,14.74,2.87,11.87,1.88,0.115,1.765,2,1.65,25.56,-,-,67.47,-
157,臺中市,2018/05/03,沙鹿,2.3,0.36,-,43.3,47,19,12.68,1.75,10.94,-,-,-,4.75,4.5,25.23,-,-,71.94,-
158,臺中市,2018/05/03,大里,2.2,0.47,424.63,33,43,13,18.68,2.67,16.01,1.999,0.157,1.842,2.12,1.59,27.51,-,-,65.4,-
159,臺中市,2018/05/02,西屯,2.5,0.25,-,19.6,38,13,11.8,1.32,10.49,1.952,0.142,1.81,2.43,2.07,27.83,0,0,69.87,0
160,臺中市,2018/05/02,忠明,2.3,0.31,-,20.9,30,15,14.48,3.1,11.38,1.776,0.085,1.691,2.1,1.56,29.54,-,-,66.54,-
161,臺中市,2018/05/02,豐原,3.4,0.29,-,24.6,36,19,14,1.73,12.26,1.889,0.183,1.706,2.75,2.42,27.53,-,-,68.23,-
162,臺中市,2018/05/02,沙鹿,3.2,0.23,-,17.3,30,15,12.51,2.07,10.44,-,-,-,2.9,2.49,27.66,-,-,76.16,-
163,臺中市,2018/05/02,大里,3,0.33,417.87,19.5,51,18,14.84,4.44,10.4,1.864,0.123,1.741,2.29,1.99,28.7,-,-,70.35,-
164,臺中市,2018/05/01,西屯,2.2,0.31,-,24.9,49,21,11.91,1.13,10.77,2.018,0.143,1.874,1.99,1.73,27,0,0,72.69,0
165,臺中市,2018/05/01,忠明,3.1,0.34,-,25,36,23,14.34,2.29,12.05,1.855,0.102,1.754,1.84,1.47,28.72,-,-,69.01,-
166,臺中市,2018/05/01,豐原,2.9,0.37,-,30.2,40,23,11.72,1.74,9.98,1.838,0.11,1.728,2.51,2.25,26.37,-,-,71.37,-
167,臺中市,2018/05/01,沙鹿,2.4,0.31,-,25.3,39,21,11.44,1.22,10.22,-,-,-,2.5,2.15,27.1,-,-,76.02,-
168,臺中市,2018/05/01,大里,2.2,0.39,431.85,23.8,52,20,13.53,3.1,10.43,1.933,0.108,1.825,2.08,1.75,27.65,-,-,74.43,-
169,臺南市,2018/05/07,新營,3.9,0.29,-,13.4,41,11,13.38,1.68,11.69,2.116,0.103,2.013,1.93,1.57,29.81,0,0,69.96,0
170,臺南市,2018/05/07,善化,4.3,0.28,421.47,13.3,32,12,13.46,3.29,10.17,-,-,-,3.12,3.05,29.86,-,-,71.4,-
171,臺南市,2018/05/07,安南,1.6,0.27,-,18.3,41,11,11.68,3.34,8.34,2.036,0.181,1.854,2.55,2.25,30.22,-,-,68.2,-
172,臺南市,2018/05/07,臺南,3.2,0.21,-,19.5,36,12,9.55,1.86,7.69,1.833,0.062,1.771,2.46,2.3,29.3,-,-,73.51,-
173,臺南市,2018/05/06,新營,2.5,0.26,-,21.6,51,20,9.84,0.87,8.93,2.095,0.083,2.012,1.98,1.68,29.45,0,0,68.84,0
174,臺南市,2018/05/06,善化,3.7,0.27,428.33,18.3,40,13,11.32,2.34,8.98,-,-,-,3.62,3.43,29.5,-,-,71.85,-
175,臺南市,2018/05/06,安南,2,0.27,-,23.1,49,13,11.64,2.1,9.55,2.004,0.084,1.92,2.83,2.59,29.51,-,-,69.41,-
176,臺南市,2018/05/06,臺南,2.9,0.23,-,26.7,44,15,10.58,3.25,7.33,1.875,0.057,1.818,2.67,2.29,29,-,-,72.44,-
177,臺南市,2018/05/05,新營,2.9,0.3,-,46.4,59,25,8.22,0.31,7.86,2.021,0.064,1.957,1.62,1.27,28.3,0,0,68.55,0
178,臺南市,2018/05/05,善化,2.1,0.28,423.36,43.4,53,28,8.03,1.03,7,-,-,-,1.86,1.54,28.31,-,-,71.8,-
179,臺南市,2018/05/05,安南,1.5,0.26,-,55.2,58,19,8.07,0.99,7.08,1.968,0.052,1.916,2.11,1.85,28.78,-,-,65.95,-
180,臺南市,2018/05/05,臺南,2.8,0.29,-,61.9,50,17,9.26,1.34,7.92,1.894,0.061,1.833,2.15,1.81,28.07,-,-,69.32,-
181,臺南市,2018/05/04,新營,4.7,0.5,-,43.3,78,37,14.11,1.59,12.51,2.264,0.121,2.143,1.61,1.23,27.05,0,0,67.64,0
182,臺南市,2018/05/04,善化,3.1,0.4,435.17,39.7,71,33,13.12,1.32,11.74,-,-,-,1.61,1.48,27.2,-,-,71.25,-
183,臺南市,2018/05/04,安南,2.1,0.37,-,53.3,73,27,10.17,0.89,9.23,2.087,0.096,1.991,2.34,2.03,27.82,-,-,63.32,-
184,臺南市,2018/05/04,臺南,3.1,0.43,-,54.9,64,33,11.35,1.56,9.79,2.048,0.124,1.924,2.27,1.75,27.37,-,-,66.48,-
185,臺南市,2018/05/03,新營,2.9,0.33,-,27.9,80,26,14.39,1.91,12.46,2.059,0.079,1.98,2.45,2.2,27.87,0,0,70.87,0
186,臺南市,2018/05/03,善化,2.9,0.29,429.45,28.8,78,22,10.33,0.88,9.47,-,-,-,3.25,3.07,28.6,-,-,71.32,-
187,臺南市,2018/05/03,安南,1.8,0.29,-,36.9,79,22,11.49,2.03,9.46,2.072,0.084,1.988,2.78,2.44,28.89,-,-,67.17,-
188,臺南市,2018/05/03,臺南,2.8,0.32,-,39.2,57,23,12.66,1.85,10.81,1.99,0.092,1.899,2.56,2.12,28.64,-,-,68.34,-
189,臺南市,2018/05/02,新營,2.6,0.28,-,17.2,42,14,9.75,1.27,8.45,2.044,0.066,1.978,1.85,1.37,29.14,0,0,70.25,0
190,臺南市,2018/05/02,善化,2,0.22,423,16.3,34,14,8.43,1.08,7.33,-,-,-,2.06,1.95,28.77,-,-,74.46,-
191,臺南市,2018/05/02,安南,-,-,-,-,-,-,-,-,-,-,-,-,-,-,-,-,-,-,-
192,臺南市,2018/05/02,臺南,2.8,0.24,-,19.5,25,13,10.34,1.77,8.57,1.856,0.084,1.772,2.12,1.95,28.77,-,-,72.88,-
193,臺南市,2018/05/01,新營,2.2,0.29,-,19.8,41,23,9.29,1.32,7.95,2.083,0.065,2.018,1.75,1.34,28.62,0,0,73.43,0
194,臺南市,2018/05/01,善化,2.2,0.25,427.08,19.2,34,18,10.57,1.81,8.76,-,-,-,2.61,2.41,28.52,-,-,76.14,-
195,臺南市,2018/05/01,安南,3,0.28,-,21.5,46,14,12.21,2.21,10,2.009,0.124,1.886,3.05,2.53,28.88,-,-,72.48,-
196,臺南市,2018/05/01,臺南,2.9,0.24,-,23.3,36,12,10,1.72,8.27,1.859,0.064,1.795,2.39,2.1,28.29,-,-,76.73,-
197,高雄市,2018/05/07,左營,7.7,0.23,-,16.5,38,12,11.33,1.79,9.56,1.877,0.077,1.8,1.68,1.29,29.51,-,-,72.22,-
198,高雄市,2018/05/07,楠梓,3.1,0.3,-,17.9,44,12,12.84,3.25,9.59,1.966,0.118,1.848,1.42,0.99,29.39,-,-,69.99,-
199,高雄市,2018/05/07,前金,4.7,0.18,-,19.8,35,9,11.1,2.78,8.32,1.769,0.05,1.719,1.89,1.54,29.28,-,-,75.96,-
200,高雄市,2018/05/07,前鎮,7.9,0.16,-,15.5,32,5,15.61,2.48,13.15,2.063,0.184,1.88,1.4,0.95,29.39,-,-,73.17,-
201,高雄市,2018/05/07,復興,7.4,0.33,-,15.6,28,10,16.01,3.23,12.78,1.988,0.211,1.777,0.86,0.65,29.02,-,-,73.11,-
202,高雄市,2018/05/07,小港,14.6,0.16,-,11.6,36,9,24.96,8.91,16.04,1.804,0.06,1.744,1.59,1.42,29.89,0,0,72.07,0
203,高雄市,2018/05/07,鳳山,6.6,0.43,-,15,29,11,18.36,4.28,14.05,2.064,0.147,1.917,1.7,1.39,30.59,0,0,65.43,0
204,高雄市,2018/05/07,林園,2.5,0.1,-,22.5,24,7,4.12,0.81,3.37,1.929,0.015,1.914,1.68,1.53,29.04,-,-,74.83,-
205,高雄市,2018/05/07,大寮,5.6,0.23,-,15,32,16,16.13,3.71,12.42,2.233,0.084,2.149,1.33,1.2,29.69,-,-,71.07,-
206,高雄市,2018/05/07,仁武,3.7,0.23,-,20.7,35,10,12.42,2.49,9.93,1.912,0.066,1.846,1.99,1.61,29.7,-,-,69.18,-
207,高雄市,2018/05/07,橋頭,1.8,0.19,-,17.4,21,8,8.79,2.18,6.59,-,-,-,2.43,2.32,29.89,0,0,72.32,0
208,高雄市,2018/05/07,美濃,2,0.2,-,21,32,9,6.32,0.79,5.51,-,-,-,1.07,0.95,29.58,-,-,67.97,-
209,高雄市,2018/05/06,左營,4,0.27,-,21.4,48,13,11.02,1.61,9.4,1.924,0.089,1.834,2.7,2.19,29.1,-,-,71.91,-
210,高雄市,2018/05/06,楠梓,3.8,0.28,-,24,49,17,12,2.51,9.5,1.983,0.144,1.839,1.94,1.66,29.32,-,-,67.23,-
211,高雄市,2018/05/06,前金,4.3,0.24,-,22.7,55,14,12.59,2.68,9.91,1.864,0.074,1.79,2.25,1.88,29,-,-,74.47,-
212,高雄市,2018/05/06,前鎮,5.4,0.23,-,19.7,38,6,14.55,2.36,12.2,1.995,0.07,1.924,2.55,2.29,29.15,-,-,72.13,-
213,高雄市,2018/05/06,復興,5.8,0.27,-,19.5,33,12,14.4,2.96,11.43,1.935,0.103,1.832,1.06,0.76,28.95,-,-,71.39,-
214,高雄市,2018/05/06,小港,9.9,0.26,-,18.9,40,11,16.16,4.43,11.74,1.935,0.129,1.806,2.06,1.6,29.57,0,0,70.4,0
215,高雄市,2018/05/06,鳳山,6.4,0.39,-,21,34,14,14.71,3.3,11.41,2.043,0.124,1.919,1.78,1.38,30.31,0,0,65.31,0
216,高雄市,2018/05/06,林園,1.1,0.16,-,23.9,40,13,5.85,0.21,5.84,2.035,0.013,2.022,2.49,2.28,28.64,-,-,76.71,-
217,高雄市,2018/05/06,大寮,2.4,0.21,-,19.1,39,16,9.28,2.01,7.26,2.191,0.049,2.146,2.52,2.22,28.77,-,-,75.06,-
218,高雄市,2018/05/06,仁武,4.7,0.27,-,23.7,42,13,11.39,1.52,9.85,1.927,0.103,1.824,2.58,2.18,29.08,-,-,70.23,-
219,高雄市,2018/05/06,橋頭,2.9,0.27,-,20.6,31,10,9.48,1.28,8.19,-,-,-,3.02,2.66,29.53,0,0,70.59,0
220,高雄市,2018/05/06,美濃,2.1,0.2,-,23.7,51,11,6.48,0.65,5.77,-,-,-,2.09,1.89,28.86,-,-,69.64,-
221,高雄市,2018/05/05,左營,3.6,0.32,-,62.1,66,23,8.9,0.38,8.44,1.955,0.065,1.89,2.3,2.06,28.17,-,-,71.39,-
222,高雄市,2018/05/05,楠梓,3.1,0.36,-,60.8,76,28,11.43,3.02,8.41,2.058,0.134,1.924,1.84,1.43,28.14,-,-,68.4,-
223,高雄市,2018/05/05,前金,3.6,0.36,-,57.2,66,22,10.95,1.97,8.98,1.921,0.074,1.848,2.23,1.9,28.37,-,-,69.57,-
224,高雄市,2018/05/05,前鎮,6.4,0.36,-,47.4,57,20,19.79,2.89,16.9,2.101,0.101,1.999,1.44,0.92,28.56,-,-,68.08,-
225,高雄市,2018/05/05,復興,5.9,0.44,-,45.9,50,23,18.81,2.11,16.73,2.041,0.142,1.899,0.94,0.69,28.32,-,-,68.2,-
226,高雄市,2018/05/05,小港,9.3,0.37,-,41.2,58,20,18.56,2.08,16.48,2.01,0.118,1.892,2.01,1.63,29.01,0,0,65.03,0
227,高雄市,2018/05/05,鳳山,4.5,0.49,-,43.9,53,26,17.51,1.73,15.78,2.172,0.163,2.009,1.82,1.53,29.41,0,0,63.29,0
228,高雄市,2018/05/05,林園,2.5,0.29,-,49,45,17,8.54,1.01,7.53,2.137,0.035,2.101,2.34,2.15,28.1,-,-,70.41,-
229,高雄市,2018/05/05,大寮,3.2,0.36,-,37,48,24,12.87,1.99,10.88,2.294,0.115,2.179,1.89,1.52,28.58,-,-,68.47,-
230,高雄市,2018/05/05,仁武,5.4,0.37,-,55,65,28,14.07,1.42,12.64,2.068,0.124,1.944,1.85,1.62,28.16,-,-,70.1,-
231,高雄市,2018/05/05,橋頭,3.6,0.38,-,48.3,49,22,9.29,1.02,8.27,-,-,-,2.48,2.22,28.6,0,0,70.43,0
232,高雄市,2018/05/05,美濃,2.5,0.31,-,47.4,54,19,7.53,0.78,6.73,-,-,-,1.32,1,28.3,-,-,68.18,-
233,高雄市,2018/05/04,左營,4.5,0.41,-,52.7,84,28,13.34,0.66,12.71,2.069,0.105,1.964,2.11,1.93,27.15,-,-,70.47,-
234,高雄市,2018/05/04,楠梓,3.1,0.42,-,50.3,89,35,16.5,4.04,12.46,2.137,0.153,1.984,2.13,1.87,27.12,-,-,67.07,-
235,高雄市,2018/05/04,前金,-,-,-,-,-,-,-,-,-,-,-,-,-,-,-,-,-,-,-
236,高雄市,2018/05/04,前鎮,6.7,0.47,-,46.2,70,27,22.36,1.82,20.54,2.212,0.158,2.054,1.48,1.08,27.95,-,-,67.27,-
237,高雄市,2018/05/04,復興,5.4,0.53,-,41.5,69,27,22.55,2.48,20.07,2.143,0.195,1.948,0.85,0.65,27.58,-,-,67.94,-
238,高雄市,2018/05/04,小港,9.2,0.44,-,46.6,75,28,22.44,1.66,20.75,2.052,0.156,1.896,1.94,1.77,27.96,0,0,67.74,0
239,高雄市,2018/05/04,鳳山,4.3,0.59,-,48,65,26,20.12,0.97,19.19,2.24,0.213,2.027,1.73,1.31,28.74,0,0,61.61,0
240,高雄市,2018/05/04,林園,5.4,0.35,-,61.4,61,24,8.69,0.68,7.98,2.035,0.033,2.003,2.12,1.95,27.68,-,-,70.97,-
241,高雄市,2018/05/04,大寮,5.1,0.44,-,45,65,32,20.09,1.67,18.42,2.318,0.152,2.165,1.35,1.17,27.69,-,-,72.44,-
242,高雄市,2018/05/04,仁武,3.8,0.44,-,49.2,79,34,16.91,2.14,14.77,2.124,0.155,1.969,1.69,1.51,27.16,-,-,69.28,-
243,高雄市,2018/05/04,橋頭,3.1,0.46,-,37.3,68,28,15.28,1.62,13.66,-,-,-,2.31,2.14,27.78,0,0,68.62,0
244,高雄市,2018/05/04,美濃,2.8,0.4,-,43.3,62,24,10.34,0.64,9.66,-,-,-,1.08,0.85,27.11,-,-,74.59,-
245,高雄市,2018/05/03,左營,3.5,0.29,-,34,68,20,11.71,2.33,9.37,1.992,0.084,1.908,2.51,2.3,28.65,-,-,72.04,-
246,高雄市,2018/05/03,楠梓,3.6,0.34,-,32.8,72,25,18.76,5.24,13.51,2.087,0.137,1.949,2.33,1.98,28.75,-,-,67.31,-
247,高雄市,2018/05/03,前金,3.3,0.32,-,38.1,65,22,12.93,2.05,10.88,1.921,0.069,1.852,2.51,2.08,28.82,-,-,71.18,-
248,高雄市,2018/05/03,前鎮,5.3,0.3,-,31.7,51,18,18.35,4.45,13.9,2.073,0.102,1.971,1.58,1.08,29.39,-,-,67.63,-
249,高雄市,2018/05/03,復興,5.3,0.39,-,32.2,51,20,18.31,3.93,14.38,2.019,0.145,1.874,0.89,0.59,29.16,-,-,67.27,-
250,高雄市,2018/05/03,小港,8.5,0.3,-,31.6,53,19,23.12,4.73,18.44,1.948,0.127,1.822,2.13,1.73,29.53,0,0,66.69,0
251,高雄市,2018/05/03,鳳山,3.7,0.44,-,29.8,44,18,17.95,2.86,15.08,2.074,0.147,1.927,1.82,1.54,30.15,1,6.66,63.32,37.3
252,高雄市,2018/05/03,林園,2.7,0.25,-,40.9,43,18,11.05,2.06,8.99,2.063,0.056,2.008,2.4,2.25,28.83,-,-,71.68,-
253,高雄市,2018/05/03,大寮,3.6,0.32,-,32.9,48,24,17.07,3.36,13.71,2.233,0.135,2.098,1.92,1.65,29.11,-,-,70.81,-
254,高雄市,2018/05/03,仁武,3.4,0.29,-,30.5,55,21,16.97,3.92,13.04,2.014,0.121,1.893,2.1,1.82,28.74,-,-,69.6,-
255,高雄市,2018/05/03,橋頭,3.7,0.35,-,28.2,52,21,15.75,2.22,13.52,-,-,-,2.6,2.19,29.6,0,0,67.77,0
256,高雄市,2018/05/03,美濃,1.9,0.26,-,37.4,59,18,8.86,1.94,6.92,-,-,-,1.21,0.9,29.4,-,-,67.98,-
257,高雄市,2018/05/02,左營,3.1,0.23,-,18.3,36,10,9.83,1.54,8.25,1.869,0.036,1.832,2.6,2.15,28.62,-,-,74.73,-
258,高雄市,2018/05/02,楠梓,2.6,0.25,-,17.3,47,13,13.78,3.79,9.99,2.141,0.291,1.85,2.15,1.67,28.72,-,-,70.85,-
259,高雄市,2018/05/02,前金,2.9,0.23,-,18.9,35,11,10.48,1.92,8.57,1.851,0.047,1.804,2.42,1.98,28.6,-,-,74.97,-
260,高雄市,2018/05/02,前鎮,6.2,0.22,-,13.6,29,5,14.68,2.87,11.82,1.995,0.077,1.919,1.72,1.32,28.88,-,-,72.13,-
261,高雄市,2018/05/02,復興,5.4,0.36,-,14.9,29,10,14.75,3.45,11.3,1.947,0.116,1.831,1.17,0.79,28.54,-,-,72,-
262,高雄市,2018/05/02,小港,8.3,0.25,-,14.3,35,11,20.38,6.95,13.44,1.881,0.098,1.784,2.2,1.88,29.15,0,0,70.38,0
263,高雄市,2018/05/02,鳳山,2.7,0.38,-,15.8,25,11,15.91,3.73,12.17,2.073,0.137,1.936,1.83,1.51,29.82,0,0,65.59,0
264,高雄市,2018/05/02,林園,2.8,0.21,-,19.6,23,11,6.81,1.12,5.68,1.973,0.018,1.956,2.22,2.01,28.47,-,-,74.83,-
265,高雄市,2018/05/02,大寮,3.1,0.25,-,13.9,32,15,14.63,3.25,11.38,2.276,0.08,2.196,1.69,1.47,28.92,-,-,72.36,-
266,高雄市,2018/05/02,仁武,2.9,0.26,-,18.2,38,14,13.21,2.33,10.87,1.904,0.075,1.829,1.94,1.72,28.55,-,-,72.9,-
267,高雄市,2018/05/02,橋頭,2.7,0.23,-,15.6,24,9,10.79,2.29,8.5,-,-,-,2.66,2.43,29.01,0,0,74.12,0
268,高雄市,2018/05/02,美濃,1.1,0.18,-,22.5,33,9,5.79,1.05,4.73,-,-,-,1.26,0.92,29.28,-,-,68.49,-
269,高雄市,2018/05/01,左營,3.4,0.29,-,19.4,44,13,11.66,1.66,9.98,1.92,0.073,1.847,2.16,1.69,28.69,-,-,74.61,-
270,高雄市,2018/05/01,楠梓,2.9,0.33,-,22.5,56,16,14.42,3.68,10.74,2.006,0.149,1.858,1.74,1.32,28.56,-,-,72.17,-
271,高雄市,2018/05/01,前金,4.3,0.22,-,20.1,41,12,11.97,3.2,8.78,1.854,0.053,1.801,2.33,1.99,28.43,-,-,77.36,-
272,高雄市,2018/05/01,前鎮,5.2,0.28,-,18.3,32,9,12.62,1.33,11.27,2.041,0.076,1.966,1.87,1.46,28.52,-,-,75.05,-
273,高雄市,2018/05/01,復興,4.2,0.29,-,18.7,32,13,13.62,3.56,10.06,1.979,0.1,1.879,1.07,0.8,28.12,-,-,75.05,-
274,高雄市,2018/05/01,小港,5.1,0.25,-,17.9,43,11,14.56,3.86,10.7,1.979,0.114,1.864,2.14,1.6,29.07,0,0,72.07,0
275,高雄市,2018/05/01,鳳山,2.6,0.43,-,19.1,36,15,14.92,3.23,11.69,2.083,0.126,1.958,1.71,1.36,29.48,0,0,69.53,0
276,高雄市,2018/05/01,林園,1.8,0.21,-,21.8,28,12,5.35,1.76,3.58,2.041,0.017,2.024,2.44,2.29,28.2,-,-,76.22,-
277,高雄市,2018/05/01,大寮,2.4,0.19,-,19.4,30,16,9.9,2.28,7.62,2.302,0.055,2.249,1.93,1.61,28.35,-,-,75.78,-
278,高雄市,2018/05/01,仁武,3.7,0.29,-,24.3,42,18,11.21,1.7,9.51,1.911,0.082,1.83,2.3,1.92,28.4,-,-,74.04,-
279,高雄市,2018/05/01,橋頭,3,0.28,-,16.3,29,12,10.44,1.89,8.55,-,-,-,3.1,2.85,28.61,0,0,76.66,0
280,高雄市,2018/05/01,美濃,2.7,0.24,-,26.9,39,16,7.29,0.8,6.46,-,-,-,1.47,1.23,28.63,-,-,71.87,-
281,基隆市,2018/05/07,基隆,3.6,0.35,-,17.9,29,17,19.9,3.63,16.27,2.059,0.147,1.912,0.96,0.61,26.79,-,-,83.88,-
282,基隆市,2018/05/06,基隆,5.1,0.4,-,41.4,32,20,16.98,1.36,15.62,2.098,0.131,1.967,0.86,0.47,26.29,-,-,74.64,-
283,基隆市,2018/05/05,基隆,1.5,0.3,-,39.2,20,9,8.19,0.7,7.49,1.994,0.082,1.912,1.41,0.94,25.76,-,-,68.45,-
284,基隆市,2018/05/04,基隆,1,0.23,-,53.9,23,9,7.85,0.91,6.92,1.96,0.061,1.9,2.21,1.73,23.51,-,-,61.8,-
285,基隆市,2018/05/03,基隆,0.7,0.34,-,64.3,35,22,7.85,0.53,7.3,2.024,0.071,1.952,1.58,1.36,21.57,-,-,79,-
286,基隆市,2018/05/02,基隆,2.5,0.36,-,28.9,28,19,14.45,1.83,12.62,2.044,0.113,1.931,1.32,1.01,26.82,-,-,78.47,-
287,基隆市,2018/05/01,基隆,3.5,0.5,-,-,-,-,16.83,1.57,15.35,2.146,0.124,2.022,1.33,0.88,27.25,-,-,74.63,-
288,新竹市,2018/05/07,新竹,2.6,0.32,-,14.8,30,12,12.77,2.23,10.54,1.855,0.086,1.769,2.78,2.2,29.16,-,-,68.85,-
289,新竹市,2018/05/06,新竹,1.9,0.35,-,26.9,35,18,13.09,2.32,10.77,1.953,0.094,1.859,2.06,1.61,27.91,-,-,69.97,-
290,新竹市,2018/05/05,新竹,2,0.48,-,37.3,45,23,18.4,1.24,17.17,2.052,0.146,1.905,1.32,0.92,26.57,-,-,65.11,-
291,新竹市,2018/05/04,新竹,2,0.42,-,37.6,37,16,21.02,2.28,18.75,1.975,0.126,1.848,1.7,1.35,25.19,-,-,60.55,-
292,新竹市,2018/05/03,新竹,1.6,0.49,-,47.6,58,29,16.16,1.67,14.49,1.961,0.112,1.849,3.49,2.73,23.48,-,-,70.5,-
293,新竹市,2018/05/02,新竹,1.5,0.35,-,11.1,33,15,14.53,3.19,11.33,1.931,0.103,1.828,2.22,1.63,27.9,-,-,73.61,-
294,新竹市,2018/05/01,新竹,1.2,0.46,-,17.3,38,24,15.96,2.32,13.64,2.02,0.126,1.895,1.34,1.06,26.93,-,-,75.93,-
295,嘉義市,2018/05/07,嘉義,5.3,0.2,-,18.6,38,12,10.32,1.48,8.83,1.818,0.078,1.74,2.32,2.14,29.04,-,-,67.03,-
296,嘉義市,2018/05/06,嘉義,3.3,0.23,-,25.5,52,15,9.28,1.57,7.71,1.848,0.061,1.787,2.61,2.48,28.86,-,-,65.46,-
297,嘉義市,2018/05/05,嘉義,3.6,0.38,-,52.2,60,27,9.6,1.07,8.53,1.902,0.072,1.83,1.73,1.34,27.76,-,-,64.82,-
298,嘉義市,2018/05/04,嘉義,4.7,0.54,-,42.5,80,37,15.09,2,13.09,2.04,0.129,1.91,1.88,1.58,26.54,-,-,65.2,-
299,嘉義市,2018/05/03,嘉義,6.2,0.43,-,28.2,63,27,18.28,2.35,15.94,1.989,0.112,1.877,2.58,2.25,27.52,-,-,66.6,-
300,嘉義市,2018/05/02,嘉義,2.8,0.26,-,21.2,38,13,8.37,0.84,7.5,1.801,0.051,1.75,1.98,1.6,28.36,-,-,67.49,-
301,嘉義市,2018/05/01,嘉義,3.5,0.31,-,23.8,45,19,9.46,1.39,8.06,1.821,0.052,1.769,1.78,1.47,27.79,-,-,71.86,-
302,宜蘭縣,2018/05/07,宜蘭,2.5,0.29,433.94,19.6,37,14,9.48,1.58,7.9,-,-,-,1.07,0.71,27.5,-,-,77.8,-
303,宜蘭縣,2018/05/07,冬山,2.8,0.33,-,19.8,43,18,15.42,4.25,11.17,-,-,-,1.14,0.82,26.83,0,0,81.26,0
304,宜蘭縣,2018/05/06,宜蘭,2,0.29,430.54,28.4,34,13,6.57,0.72,5.81,-,-,-,1.39,0.99,27.18,-,-,71.63,-
305,宜蘭縣,2018/05/06,冬山,1.3,0.26,-,28.1,35,15,7.61,1.85,5.76,-,-,-,1.58,1.25,26.74,0,0,73.6,0
306,宜蘭縣,2018/05/05,宜蘭,0.8,0.29,427.48,38.4,39,12,5.96,0.82,5.11,-,-,-,1.57,1.19,25.27,-,-,72.04,-
307,宜蘭縣,2018/05/05,冬山,1.2,0.3,-,32.5,35,15,9.5,2.26,7.25,-,-,-,1.38,1.03,24.65,0,0,75.06,0
308,宜蘭縣,2018/05/04,宜蘭,1.6,0.38,423.1,39.5,48,14,7.35,0.64,6.68,-,-,-,0.94,0.58,22.14,-,-,76.2,-
309,宜蘭縣,2018/05/04,冬山,1.7,0.28,-,36.1,41,13,9.99,2.43,7.56,-,-,-,1.36,1.04,21.44,0,0,80.47,0
310,宜蘭縣,2018/05/03,宜蘭,1.2,0.42,420.35,60,55,25,5.99,0.58,5.38,-,-,-,1.81,1.19,21.95,-,-,81.33,-
311,宜蘭縣,2018/05/03,冬山,1.3,0.41,-,54.9,57,23,9.57,1.36,8.21,-,-,-,1.53,1.27,21.08,0.96,4.36,88.45,227.61
312,宜蘭縣,2018/05/02,宜蘭,2.3,0.3,430.86,22.6,37,16,6.97,1.03,5.92,-,-,-,1.48,1.04,27.73,-,-,75.1,-
313,宜蘭縣,2018/05/02,冬山,2,0.29,-,22.4,37,18,11.03,4.09,6.94,-,-,-,1.5,1.27,27.6,0,0,75.96,0
314,宜蘭縣,2018/05/01,宜蘭,1.4,0.35,434.6,25,37,17,7.21,1.27,5.94,-,-,-,1.35,1.04,27.07,-,-,76.82,-
315,宜蘭縣,2018/05/01,冬山,1.2,0.36,-,23.5,39,19,9.21,1.83,7.36,-,-,-,1.48,1.09,26.9,0,0,77.65,0
316,桃園市,2018/05/07,桃園,6.5,0.4,-,17.1,46,19,22.66,4.44,18.23,2.113,0.192,1.921,1.57,1.12,30.74,-,-,68.69,-
317,桃園市,2018/05/07,中壢,3.2,1.06,-,10,55,13,51.11,29.31,21.8,2.142,0.353,1.79,1.46,0.8,29.35,-,-,70.9,-
318,桃園市,2018/05/07,大園,2.5,0.2,-,22.9,37,16,8.58,1.69,6.9,-,-,-,4.16,3.87,28.68,-,-,70.48,-
319,桃園市,2018/05/07,龍潭,2.5,0.28,-,22.3,39,12,14.03,3.37,10.66,-,-,-,2.64,2.5,28.28,-,-,70.01,-
320,桃園市,2018/05/07,平鎮,1.8,0.27,-,19.1,48,12,15.97,2.61,13.36,-,-,-,2.38,2.08,28.86,-,-,74.69,-
321,桃園市,2018/05/07,觀音,2.3,0.18,-,18.9,40,5,6.02,0.59,5.48,-,-,-,5.69,5.35,28.02,0,0,81.91,0
322,桃園市,2018/05/06,桃園,6.8,0.39,-,26.2,46,23,17.21,2.35,14.86,2.111,0.145,1.967,1.4,1.06,29.05,-,-,71.35,-
323,桃園市,2018/05/06,中壢,3.5,0.97,-,21.2,58,18,42.76,21.43,21.32,2.108,0.282,1.827,1.34,0.68,27.88,-,-,71.18,-
324,桃園市,2018/05/06,大園,3.2,0.34,-,30.8,51,21,12.63,1.02,11.61,-,-,-,2.72,2.57,27.53,-,-,70.79,-
325,桃園市,2018/05/06,龍潭,2.9,0.35,-,35.8,44,18,11.72,1.21,10.49,-,-,-,1.95,1.74,26.79,-,-,70.98,-
326,桃園市,2018/05/06,平鎮,3.2,0.35,-,33.7,52,19,13.24,1.68,11.57,-,-,-,1.82,1.52,27.64,-,-,73.95,-
327,桃園市,2018/05/06,觀音,2.8,0.25,-,29.9,53,16,8.28,0.29,8.15,-,-,-,3.11,2.8,27.17,0,0,77.26,0
328,桃園市,2018/05/05,桃園,9.2,0.52,-,38.7,57,27,21.06,1.45,19.59,2.161,0.174,1.987,1.23,0.86,27.25,-,-,70.95,-
329,桃園市,2018/05/05,中壢,3.5,1.01,-,28.4,60,24,47.98,18.19,29.79,2.283,0.358,1.925,1.08,0.57,26.62,-,-,67.74,-
330,桃園市,2018/05/05,大園,4.7,0.39,-,43.6,57,22,18.23,2.07,16.16,-,-,-,2.18,1.97,25.61,-,-,68.38,-
331,桃園市,2018/05/05,龍潭,2.7,0.45,-,44.8,50,23,17.34,2.26,15.09,-,-,-,1.55,1.33,25.46,-,-,70.03,-
332,桃園市,2018/05/05,平鎮,2.9,0.46,-,42.8,59,25,20.73,0.91,19.83,-,-,-,1.22,0.99,26.27,-,-,70.99,-
333,桃園市,2018/05/05,觀音,4.2,0.32,-,40.4,55,26,13.97,0.73,13.21,-,-,-,1.39,1.21,25.43,0,0,74.63,0
334,桃園市,2018/05/04,桃園,3.2,0.37,-,42.3,35,10,13.62,1.53,12.08,1.97,0.102,1.868,3.05,2.53,24.88,-,-,63.9,-
335,桃園市,2018/05/04,中壢,3.9,1.16,-,26.8,44,12,56.78,26.16,30.62,2.203,0.362,1.841,1.45,0.66,24.3,-,-,63.51,-
336,桃園市,2018/05/04,大園,2.3,0.31,-,48.5,34,11,15.82,1.67,14.12,-,-,-,4.73,4.55,24.28,-,-,56.98,-
337,桃園市,2018/05/04,龍潭,1.8,0.37,-,42.7,35,12,17.17,2.52,14.66,-,-,-,2.68,2.45,22.79,-,-,66.33,-
338,桃園市,2018/05/04,平鎮,3.3,0.42,-,46.9,40,11,17.54,2.84,14.7,-,-,-,3.43,3.18,23.97,-,-,65.25,-
339,桃園市,2018/05/04,觀音,4.5,0.33,-,41.5,48,18,15.97,0.6,15.41,-,-,-,4.69,4.47,24.3,0,0,60.99,0
340,桃園市,2018/05/03,桃園,3.6,0.45,-,48.2,54,26,15.8,2.24,13.56,2.118,0.118,1.999,2.98,2.45,23.3,-,-,76.25,-
341,桃園市,2018/05/03,中壢,2.6,0.8,-,39.9,62,28,35.22,10.03,25.19,2.111,0.234,1.877,1.68,0.66,22.36,-,-,75.71,-
342,桃園市,2018/05/03,大園,4.6,0.4,-,56.7,58,31,23.44,3.37,20.07,-,-,-,5.18,4.83,22.22,-,-,71.94,-
343,桃園市,2018/05/03,龍潭,2.3,0.41,-,55.5,47,28,12.84,1.38,11.46,-,-,-,5.02,4.44,20.94,-,-,80.69,-
344,桃園市,2018/05/03,平鎮,3,0.45,-,55.1,65,28,17.29,1.68,15.61,-,-,-,3.64,3.33,22.3,-,-,77.12,-
345,桃園市,2018/05/03,觀音,5.3,0.38,-,57.2,73,36,13.74,0.29,13.49,-,-,-,5.9,5.28,22.2,0,0,77.35,0
346,桃園市,2018/05/02,桃園,7.7,0.38,-,15.7,44,23,18.83,3.29,15.54,2.278,0.19,2.088,1.9,1.44,29.73,-,-,71.51,-
347,桃園市,2018/05/02,中壢,2.9,0.94,-,10.4,53,18,47.84,26.99,20.84,2.138,0.315,1.823,1.47,0.81,28.09,-,-,73.97,-
348,桃園市,2018/05/02,大園,2.4,0.22,-,19.8,38,17,9.07,1.03,8.1,-,-,-,3.9,3.48,27.65,-,-,74.07,-
349,桃園市,2018/05/02,龍潭,2.4,0.33,-,22.6,45,23,14.09,3.18,10.92,-,-,-,2.94,2.64,27.04,-,-,74.52,-
350,桃園市,2018/05/02,平鎮,1.8,0.24,-,19.5,48,14,15.05,2.94,12.11,-,-,-,2.4,2.07,27.76,-,-,77.43,-
351,桃園市,2018/05/02,觀音,2.4,0.2,-,17,41,17,6.41,0.58,5.86,-,-,-,4.22,3.93,27.12,0,0,84.52,0
352,桃園市,2018/05/01,桃園,6.1,0.52,-,18.8,52,31,23.36,4.56,18.8,2.368,0.222,2.146,1.25,0.99,28.73,-,-,74.03,-
353,桃園市,2018/05/01,中壢,3.2,1.2,-,12.8,61,25,52.04,29.37,22.67,2.26,0.387,1.873,1.22,0.64,27.24,-,-,75.8,-
354,桃園市,2018/05/01,大園,3.2,0.4,-,22.5,44,26,16.53,4.18,12.35,-,-,-,2.21,2.1,26.95,-,-,75.47,-
355,桃園市,2018/05/01,龍潭,2.6,0.38,-,29.2,43,27,12.54,2.05,10.49,-,-,-,2.08,1.96,26.04,-,-,78.17,-
356,桃園市,2018/05/01,平鎮,2.9,0.41,-,24.3,47,27,15.79,1.56,14.23,-,-,-,1.57,1.39,26.82,-,-,79.61,-
357,桃園市,2018/05/01,觀音,3.2,0.31,-,22.3,52,29,9.25,0.54,8.73,-,-,-,2.22,2,26.65,0,0,82.88,0
358,新竹縣,2018/05/07,竹東,1.3,0.23,-,17.3,35,22,8.47,2.23,6.24,-,-,-,2.4,2,28.73,-,-,70.4,-
359,新竹縣,2018/05/07,湖口,0.8,0.2,-,20.4,32,14,8.18,1.82,6.36,-,-,-,5.82,5.54,28.34,-,-,76.18,-
360,新竹縣,2018/05/06,竹東,2.1,0.31,-,25.3,40,24,8.2,1.21,6.98,-,-,-,1.52,1.14,27.35,-,-,73.42,-
361,新竹縣,2018/05/06,湖口,2,0.26,-,33.7,40,17,8.6,0.79,7.74,-,-,-,3.84,3.51,27.18,-,-,75.52,-
362,新竹縣,2018/05/05,竹東,1.3,0.35,-,31,48,27,11.06,1.54,9.51,-,-,-,1.54,1.19,25.99,-,-,71.83,-
363,新竹縣,2018/05/05,湖口,2.5,0.35,-,41.5,49,22,15.82,1.44,14.38,-,-,-,1.71,1.42,25.85,-,-,71.27,-
364,新竹縣,2018/05/04,竹東,2.2,0.33,-,32.7,32,19,12.6,1.06,11.54,-,-,-,1.4,1.13,24.35,-,-,68.48,-
365,新竹縣,2018/05/04,湖口,3.6,0.36,-,45.1,40,14,13.77,1.1,12.66,-,-,-,3.29,3.07,24.5,-,-,63.46,-
366,新竹縣,2018/05/03,竹東,0.9,0.36,-,41.1,43,24,9.81,1.68,8.12,-,-,-,2.55,2,22.75,-,-,77.23,-
367,新竹縣,2018/05/03,湖口,1.6,0.42,-,56.8,56,30,12.68,1.07,11.61,-,-,-,5.27,4.87,22.51,-,-,74.55,-
368,新竹縣,2018/05/02,竹東,1,0.25,-,18.4,34,19,10.69,1.7,9,-,-,-,2.21,1.76,27.53,-,-,72.94,-
369,新竹縣,2018/05/02,湖口,2.7,0.22,-,16.2,32,16,12.6,2.9,9.69,-,-,-,3.64,3.38,26.98,-,-,78.72,-
370,新竹縣,2018/05/01,竹東,1.3,0.33,-,17.6,41,26,9.64,2.68,6.97,-,-,-,1.46,1.11,26.12,-,-,81.23,-
371,新竹縣,2018/05/01,湖口,1.8,0.31,-,24.9,43,23,13.35,2.02,11.33,-,-,-,2.23,2.13,26.18,-,-,80.7,-
372,苗栗縣,2018/05/07,苗栗,2.9,0.24,-,20.5,38,14,9.69,1.42,8.26,-,-,-,3.94,3.53,30.49,-,-,67.1,-
373,苗栗縣,2018/05/07,頭份,2.6,0.22,-,21.3,36,11,11.42,1.83,9.58,1.95,0.078,1.872,4.11,3.73,29.89,-,-,66.4,-
374,苗栗縣,2018/05/07,三義,2.2,0.15,-,22.7,24,14,8.56,0.92,7.61,-,-,-,4.9,4.73,26,0,0,74.36,0
375,苗栗縣,2018/05/06,苗栗,3.9,0.34,-,30.6,45,23,11.27,1.57,9.7,-,-,-,2.71,2.2,29.55,-,-,66.15,-
376,苗栗縣,2018/05/06,頭份,3.7,0.3,-,28.3,43,17,9.76,0.92,8.82,2.046,0.07,1.977,3.07,2.72,28.09,-,-,70.3,-
377,苗栗縣,2018/05/06,三義,3.4,0.2,-,33,34,20,10.13,1.24,8.89,-,-,-,3.41,3.13,25.77,0,0,70.15,0
378,苗栗縣,2018/05/05,苗栗,3.2,0.39,-,46.5,57,32,12.79,1.35,11.44,-,-,-,1.65,1.31,28.14,-,-,64.63,-
379,苗栗縣,2018/05/05,頭份,3.4,0.35,-,43.7,52,20,12.99,0.71,12.26,2.125,0.112,2.013,1.85,1.58,26.52,-,-,66.65,-
380,苗栗縣,2018/05/05,三義,2.1,0.24,-,54.2,41,28,8.22,0.94,7.28,-,-,-,2.07,1.92,24.41,0,0,70.34,0
381,苗栗縣,2018/05/04,苗栗,3.1,0.48,-,40.2,52,30,19.34,2,17.34,-,-,-,1.41,1.16,25.74,-,-,69.4,-
382,苗栗縣,2018/05/04,頭份,2.3,0.37,-,39.2,41,18,21.07,0.98,20.11,2.148,0.136,2.011,1.49,1.3,24.98,-,-,64.98,-
383,苗栗縣,2018/05/04,三義,1.8,0.3,-,44.8,41,28,13.85,1.38,12.44,-,-,-,2.02,1.82,22.53,0,0,78.1,0
384,苗栗縣,2018/05/03,苗栗,2.9,0.43,-,42,51,27,13.88,1.93,11.95,-,-,-,3.37,2.85,25.02,-,-,73.37,-
385,苗栗縣,2018/05/03,頭份,2.1,0.41,-,46.8,53,24,15.55,1.08,14.45,2.105,0.108,1.997,3.16,2.78,23.7,-,-,70.9,-
386,苗栗縣,2018/05/03,三義,2.1,0.28,-,37.9,37,27,10.01,1.3,8.71,-,-,-,3.86,3.73,21.46,0,0,83.36,0
387,苗栗縣,2018/05/02,苗栗,2.3,0.27,-,19.1,40,18,11.34,2.7,8.64,-,-,-,2.74,2.17,29.31,-,-,72.65,-
388,苗栗縣,2018/05/02,頭份,2.9,0.25,-,16.5,35,11,11.73,2.61,9.11,2.013,0.068,1.945,2.79,2.42,28.01,-,-,73.91,-
389,苗栗縣,2018/05/02,三義,3.2,0.22,-,20.4,32,22,12.1,1.58,10.51,-,-,-,3.23,3.15,25.38,0,0,77.62,0
390,苗栗縣,2018/05/01,苗栗,2.6,0.37,-,20.9,48,26,13.53,2.27,11.27,-,-,-,1.62,1.23,28.29,-,-,76.73,-
391,苗栗縣,2018/05/01,頭份,3.1,0.35,-,20.5,41,20,11.44,1.44,10,2.075,0.079,1.997,2.16,1.86,26.55,-,-,79.3,-
392,苗栗縣,2018/05/01,三義,2.7,0.27,-,28.2,40,30,9.73,1.19,8.54,-,-,-,2.51,2.26,24.54,0,0,79.62,0
393,彰化縣,2018/05/07,彰化,2.4,0.2,-,16.4,36,14,8.67,0.83,7.8,1.914,0.082,1.832,5.25,4.77,29.52,-,-,76.43,-
394,彰化縣,2018/05/07,線西,-,-,-,-,-,-,-,-,-,-,-,-,-,-,-,-,-,-,-
395,彰化縣,2018/05/07,二林,5.1,0.16,-,17.1,21,13,6.45,1.36,5.08,-,-,-,2.83,2.64,28.68,-,-,76.76,-
396,彰化縣,2018/05/06,彰化,4.3,0.26,-,30.2,54,22,8.11,0.54,7.53,1.955,0.094,1.861,4.33,3.53,29.33,-,-,72.28,-
397,彰化縣,2018/05/06,二林,4.2,0.21,-,25.2,38,22,7.02,0.99,6.04,-,-,-,2.63,2.38,28.61,-,-,74.03,-
398,彰化縣,2018/05/05,彰化,2.8,0.34,-,47.6,54,23,9.01,0.7,8.32,1.981,0.09,1.891,3.58,3.15,27.89,-,-,72.53,-
399,彰化縣,2018/05/05,線西,-,-,-,-,-,-,-,-,-,-,-,-,-,-,-,-,-,-,-
400,彰化縣,2018/05/05,二林,2.9,0.23,-,46,43,23,5.99,0.66,5.32,-,-,-,1.34,1.21,27.26,-,-,74.01,-
401,彰化縣,2018/05/04,彰化,4.2,0.62,-,41,70,37,25.07,3.15,21.88,2.262,0.253,2.009,3.13,2.6,26.22,-,-,75.59,-
402,彰化縣,2018/05/04,線西,3.2,0.45,-,49.3,57,29,18.72,2.7,16.02,2.152,0.157,1.995,0.77,0.46,25.96,-,-,76.01,-
403,彰化縣,2018/05/04,二林,4.7,0.41,-,51.6,69,36,11.73,1,10.72,-,-,-,1.59,1.48,25.61,-,-,75.21,-
404,彰化縣,2018/05/03,彰化,2.6,0.42,-,34.5,50,23,15.62,1.77,13.85,2.011,0.13,1.88,6.35,5.72,27.1,-,-,72.29,-
405,彰化縣,2018/05/03,線西,3.7,0.42,-,40.8,67,26,15.69,1.72,13.98,2.022,0.086,1.936,1.15,0.33,26.63,-,-,74.55,-
406,彰化縣,2018/05/03,二林,5.9,0.45,-,35.4,76,28,15.32,2.12,13.19,-,-,-,3.25,2.98,26.43,-,-,74.06,-
407,彰化縣,2018/05/02,彰化,3.9,0.24,-,17.7,37,15,8.17,0.9,7.27,1.945,0.112,1.833,4.36,3.53,28.8,-,-,78.77,-
408,彰化縣,2018/05/02,線西,2.3,0.19,-,18.5,30,13,7.06,1.66,5.41,1.985,0.085,1.901,1.73,1.54,28.58,-,-,81.83,-
409,彰化縣,2018/05/02,二林,2.8,0.19,-,13.2,25,17,7.85,1.8,6.03,-,-,-,2.1,1.93,28.01,-,-,79.67,-
410,彰化縣,2018/05/01,彰化,5.3,0.3,-,23.8,50,24,6.95,0.6,6.32,1.948,0.089,1.859,3.6,2.96,28.13,-,-,79.72,-
411,彰化縣,2018/05/01,線西,2.4,0.3,-,25.3,40,24,7.12,0.89,6.21,2.101,0.143,1.958,1.51,1.28,28.12,-,-,82,-
412,彰化縣,2018/05/01,二林,3,0.25,-,15.7,34,23,7.77,1.38,6.39,-,-,-,1.81,1.72,27.28,-,-,81.83,-
413,南投縣,2018/05/07,南投,2.6,0.26,-,15,37,14,13.01,1.89,11.11,-,-,-,2.51,2.26,30.61,0,0,64.44,0
414,南投縣,2018/05/07,埔里,2.2,0.23,-,17.3,25,14,10.27,0.88,9.37,-,-,-,1.33,0.96,25.85,-,-,84.98,-
415,南投縣,2018/05/07,竹山,2.1,0.21,-,19.8,32,13,12.44,3.94,8.5,-,-,-,1.75,1.23,28.83,-,-,70.85,-
416,南投縣,2018/05/06,南投,1.2,0.27,-,21.5,41,18,10.39,1,9.39,1.936,0.181,1.755,1.88,1.55,30.18,0,0,63.05,0
417,南投縣,2018/05/06,埔里,1.6,0.24,-,30.2,32,20,10.54,1.03,9.48,-,-,-,1.77,1.36,27.01,-,-,76.91,-
418,南投縣,2018/05/06,竹山,1.9,0.21,-,29,42,18,9.17,1.65,7.52,-,-,-,1.57,1.12,28.25,-,-,71.23,-
419,南投縣,2018/05/05,南投,1.9,0.41,-,36.7,61,27,13.89,0.48,13.35,2.093,0.236,1.858,1.6,1.27,28.82,0,0,64.54,0
420,南投縣,2018/05/05,埔里,2,0.34,-,42.6,37,24,9.81,0.51,9.27,-,-,-,1.74,1.29,25.97,-,-,79.79,-
421,南投縣,2018/05/05,竹山,2.4,0.28,-,50,54,29,8.91,1.74,7.17,-,-,-,1.36,1.02,27.13,-,-,71.22,-
422,南投縣,2018/05/04,南投,2.7,0.55,-,35.9,74,36,19.85,1.24,18.57,2.264,0.345,1.92,1.53,1.21,28.16,0,0,64.6,0
423,南投縣,2018/05/04,埔里,1.7,0.32,-,30.7,37,26,11,0.78,10.18,-,-,-,1.22,1,25.13,-,-,83.9,-
424,南投縣,2018/05/04,竹山,3.1,0.42,-,38.3,70,38,17.75,2.59,15.16,-,-,-,1.16,0.77,26.33,-,-,72.98,-
425,南投縣,2018/05/03,南投,1.9,0.47,-,26.5,50,22,20.76,1.69,19.07,2.156,0.31,1.846,1.81,1.25,28.91,0,0,63.67,0
426,南投縣,2018/05/03,埔里,1.9,0.34,-,45.1,44,30,12.4,1.87,10.53,-,-,-,1.97,1.57,27.13,-,-,78.26,-
427,南投縣,2018/05/03,竹山,3,0.33,-,37.3,61,27,14.74,2.18,12.56,-,-,-,1.53,1.22,27.5,-,-,71.7,-
428,南投縣,2018/05/02,南投,2.6,0.29,-,17.7,40,17,14.04,2.51,11.53,1.988,0.217,1.771,1.73,1.35,29.83,0,0,66.58,0
429,南投縣,2018/05/02,埔里,1.9,0.23,-,33.7,31,20,8.74,0.61,8.19,-,-,-,1.84,1.54,27.15,-,-,73.44,-
430,南投縣,2018/05/02,竹山,2.1,0.21,-,23.7,43,17,10.49,2.2,8.29,-,-,-,1.6,1.1,27.81,-,-,74.11,-
431,南投縣,2018/05/01,南投,1.9,0.35,-,17.5,48,24,14.5,2.62,11.87,2.046,0.215,1.831,1.67,1.33,28.84,0,0,70.97,0
432,南投縣,2018/05/01,埔里,1.2,0.28,-,35.1,41,27,8.94,1.09,7.86,-,-,-,1.69,1.37,26.53,-,-,77.93,-
433,南投縣,2018/05/01,竹山,1.7,0.27,-,25.1,49,26,9.42,2.36,7.06,-,-,-,1.41,1.07,27.1,-,-,77.3,-
434,雲林縣,2018/05/07,斗六,3.1,0.32,-,18.3,39,13,12.9,2.2,10.7,-,-,-,1.96,1.71,30.48,-,-,68.08,-
435,雲林縣,2018/05/07,崙背,2.4,0.16,-,20.7,34,13,5.2,1.39,3.82,-,-,-,3.28,3.2,28.83,0,0,73.69,0
436,雲林縣,2018/05/07,麥寮,1.7,0.21,-,17.5,39,12,6.92,1.73,5.18,1.939,0.045,1.895,3.36,3.1,28.29,-,-,75.59,-
437,雲林縣,2018/05/07,臺西,1.5,0.17,-,22.2,24,10,4.91,1.23,3.67,1.793,0.002,1.803,3.83,3.75,29.06,-,-,78.18,-
438,雲林縣,2018/05/06,斗六,3.1,0.32,-,29.6,47,17,12.07,2.71,9.36,-,-,-,1.79,1.45,30.07,-,-,66.98,-
439,雲林縣,2018/05/06,崙背,2.4,0.26,-,29.5,55,22,5.12,0.22,5.05,-,-,-,2.85,2.61,28.47,0,0,71.23,0
440,雲林縣,2018/05/06,麥寮,2.5,0.27,-,26.5,60,22,8.55,1.85,6.7,2.201,0.06,2.141,3.19,2.97,27.48,-,-,75.18,-
441,雲林縣,2018/05/06,臺西,2.4,0.22,-,28.3,46,23,6.37,0.61,5.74,2.204,0.024,2.186,3.88,3.56,28.13,-,-,79.1,-
442,雲林縣,2018/05/05,斗六,3,0.31,-,59.3,57,26,9.89,2.42,7.47,-,-,-,1.63,1.23,28.61,-,-,67.75,-
443,雲林縣,2018/05/05,崙背,2.8,0.24,-,54.1,63,25,6.85,1.11,5.74,-,-,-,1.64,1.4,27.15,0,0,69.09,0
444,雲林縣,2018/05/05,麥寮,3.9,0.24,-,47.8,65,21,10.34,1.95,8.39,2.19,0.074,2.115,1.58,1.33,26.25,-,-,73.84,-
445,雲林縣,2018/05/05,臺西,3.7,0.26,-,56.1,46,18,8.22,1.21,7.01,1.914,0.008,1.91,2.31,2.13,26.6,-,-,76.95,-
446,雲林縣,2018/05/04,斗六,3.1,0.49,-,49.8,66,34,17.48,2.63,14.85,-,-,-,1.58,1.25,27.66,-,-,67.42,-
447,雲林縣,2018/05/04,崙背,3.2,0.44,-,58.3,75,38,12.07,1.22,10.84,-,-,-,1.74,1.54,25.5,0,0,74.8,0
448,雲林縣,2018/05/04,麥寮,4.2,0.48,-,49.3,84,37,17.62,2.78,14.84,2.294,0.136,2.158,1.85,1.55,24.84,-,-,74.59,-
449,雲林縣,2018/05/04,臺西,5.9,0.34,-,60.7,63,32,15.94,1.29,14.63,2.09,0.084,2.007,2.86,2.81,25.59,-,-,76.79,-
450,雲林縣,2018/05/03,斗六,2.6,0.35,-,35.7,64,21,15.29,2.63,12.66,-,-,-,2,1.75,28.39,-,-,68.27,-
451,雲林縣,2018/05/03,崙背,5.2,0.44,-,37.5,84,29,14.74,1.96,12.79,-,-,-,3.37,3.03,26.37,0,0,74.28,0
452,雲林縣,2018/05/03,麥寮,2.7,0.32,-,41.1,107,28,10.42,2.05,8.37,2.15,0.058,2.092,4.64,4.24,25.15,-,-,78.55,-
453,雲林縣,2018/05/03,臺西,3.2,0.27,-,50.9,73,27,9.73,1.07,8.65,1.99,0.043,1.95,7.01,6.69,25.75,-,-,80.54,-
454,雲林縣,2018/05/02,斗六,2,0.25,-,23,39,16,9.61,1.89,7.73,-,-,-,1.55,1.24,29.67,-,-,69.14,-
455,雲林縣,2018/05/02,崙背,2.3,0.24,-,18.6,33,16,7.28,1.56,5.73,-,-,-,2.22,1.96,28.39,0,0,74.86,0
456,雲林縣,2018/05/02,麥寮,2.7,0.2,-,17.4,42,16,9.22,2.87,6.35,2.043,0.05,1.992,2.34,2.1,27.05,-,-,79.33,-
457,雲林縣,2018/05/02,臺西,2.1,0.19,-,19.4,26,11,7.09,1.9,5.23,1.905,0.01,1.908,3.26,3.1,27.6,-,-,82.52,-
458,雲林縣,2018/05/01,斗六,1.7,0.29,-,25.9,45,17,9.97,1.71,8.26,-,-,-,1.55,1.26,28.8,-,-,72.32,-
459,雲林縣,2018/05/01,崙背,2.5,0.27,-,23.4,41,21,5.58,0.62,5.01,-,-,-,2.02,1.84,28.17,0,0,79.28,0
460,雲林縣,2018/05/01,麥寮,2.6,0.26,-,21.7,51,23,8.28,2.01,6.27,2.105,0.049,2.056,2.13,1.9,26.58,-,-,81.69,-
461,雲林縣,2018/05/01,臺西,2.8,0.23,-,24.7,44,20,7.25,1.33,5.93,2.078,0.011,2.079,2.96,2.89,27.17,-,-,84.71,-
462,嘉義縣,2018/05/07,朴子,4.8,0.31,-,18.4,57,23,10.24,2.35,7.9,-,-,-,2.54,2.33,29.83,-,-,72.85,-
463,嘉義縣,2018/05/07,新港,3,0.22,-,16.1,39,15,10.94,2.94,8,-,-,-,2.42,2.21,29.18,-,-,66.92,-
464,嘉義縣,2018/05/06,朴子,2.9,0.29,-,27.5,66,23,8.86,2.01,6.85,-,-,-,2.74,2.46,29.25,-,-,71.89,-
465,嘉義縣,2018/05/06,新港,3.5,0.22,-,25.8,53,20,9.08,1.79,7.29,-,-,-,2.52,2.2,28.89,-,-,64.62,-
466,嘉義縣,2018/05/05,朴子,3.8,0.28,-,55.1,71,23,8.03,1.91,6.12,-,-,-,1.56,1.26,28.23,-,-,69.8,-
467,嘉義縣,2018/05/05,新港,3.4,0.24,-,52.4,61,27,7.58,1.13,6.48,-,-,-,1.69,1.48,27.53,-,-,64.93,-
468,嘉義縣,2018/05/04,朴子,3.4,0.44,-,57.7,80,38,12.75,2.25,10.5,-,-,-,1.79,1.48,26.79,-,-,69.68,-
469,嘉義縣,2018/05/04,新港,3.1,0.44,-,49.6,77,37,12.67,1.02,11.61,-,-,-,1.79,1.46,26.07,-,-,65.06,-
470,嘉義縣,2018/05/03,朴子,3.5,0.29,-,39.3,117,26,10.8,2.1,8.7,-,-,-,2.68,2.26,27.45,-,-,73.8,-
471,嘉義縣,2018/05/03,新港,4.2,0.37,-,33.3,87,30,13.34,2.13,11.21,-,-,-,2.67,2.36,26.81,-,-,67.59,-
472,嘉義縣,2018/05/02,朴子,2.9,0.25,-,19.7,39,14,9.24,2.84,6.4,-,-,-,2.16,1.86,28.82,-,-,75.95,-
473,嘉義縣,2018/05/02,新港,2.1,0.24,-,18.3,37,17,8.95,1.83,7.12,-,-,-,2.01,1.78,28.25,-,-,68.86,-
474,嘉義縣,2018/05/01,朴子,2.1,0.28,-,24.8,44,16,8.06,3.15,4.92,-,-,-,2.07,1.83,28.37,-,-,78.94,-
475,嘉義縣,2018/05/01,新港,1.5,0.28,-,22,49,21,10.11,2.89,7.22,-,-,-,1.82,1.53,27.78,-,-,71.2,-
476,屏東縣,2018/05/07,屏東,4.3,0.34,-,17.3,31,15,14.37,1.52,12.85,1.979,0.09,1.888,1.73,1.29,30.4,-,-,63.47,-
477,屏東縣,2018/05/07,潮州,2.4,0.19,-,19.8,37,13,8.44,1.04,7.37,-,-,-,1.59,1.46,29.53,-,-,63.42,-
478,屏東縣,2018/05/07,恆春,2.4,0.1,406.45,25.6,33,8,1.6,0.53,1.02,-,-,-,3.38,3.23,28.9,0,0,81.99,0
479,屏東縣,2018/05/06,屏東,1.8,0.29,-,21.6,42,13,8.69,0.99,7.71,1.978,0.061,1.916,2.39,2.12,29.63,-,-,66.4,-
480,屏東縣,2018/05/06,潮州,1.7,0.14,-,18.5,41,9,7.22,1.5,5.72,-,-,-,2.19,1.9,28.12,-,-,68.46,-
481,屏東縣,2018/05/06,恆春,2.5,0.07,407.75,27,36,8,2.52,0.77,1.75,-,-,-,3.87,3.75,28.16,0,0,84.07,0
482,屏東縣,2018/05/05,屏東,4,0.4,-,45.2,49,24,11.83,0.68,11.1,2.054,0.089,1.965,1.94,1.53,28.84,-,-,65.1,-
483,屏東縣,2018/05/05,潮州,2,0.27,-,35.3,51,15,8.09,0.74,7.33,-,-,-,1.67,1.5,27.94,-,-,64.66,-
484,屏東縣,2018/05/05,恆春,1.2,0.14,412.7,49.3,34,11,1.92,0.46,1.39,-,-,-,6.7,6.5,26.5,0,0,76.3,0
485,屏東縣,2018/05/04,屏東,3.7,0.47,-,55.5,58,28,16.2,0.72,15.42,2.119,0.115,2.004,1.68,1.34,28.06,-,-,67.08,-
486,屏東縣,2018/05/04,潮州,3.3,0.36,-,51.1,72,26,10.98,0.87,10.1,-,-,-,1.43,1.2,26.36,-,-,73.38,-
487,屏東縣,2018/05/04,恆春,2.3,0.22,417.18,66.3,41,14,2.29,0.57,1.69,-,-,-,9.53,9.37,25.04,0,0,77.93,0
488,屏東縣,2018/05/03,屏東,2.3,0.37,-,37.1,49,22,15.42,2.18,13.24,2.178,0.105,2.074,2.07,1.59,29.21,-,-,67.04,-
489,屏東縣,2018/05/03,潮州,1.5,0.27,-,39.8,53,20,8.8,1.9,6.91,-,-,-,1.86,1.54,28.04,-,-,65.98,-
490,屏東縣,2018/05/03,恆春,1.3,0.24,419.12,51.1,40,13,2.99,0.59,2.36,-,-,-,8.53,8.05,26.63,0,0,78.82,0
491,屏東縣,2018/05/02,屏東,3.4,0.29,-,22.9,38,15,12.24,1.09,11.13,1.997,0.088,1.908,1.82,1.48,29.6,-,-,65.48,-
492,屏東縣,2018/05/02,潮州,2.4,0.19,-,16.9,42,13,8.63,1.14,7.49,-,-,-,1.83,1.66,28.49,-,-,66.7,-
493,屏東縣,2018/05/02,恆春,0.8,0.09,410.7,21.6,32,9,1.79,0.43,1.26,-,-,-,3.16,2.92,28.61,0,0,79.84,0
494,屏東縣,2018/05/01,屏東,2.7,0.32,-,24.2,42,17,10.99,1.08,9.91,2.083,0.091,1.992,2.01,1.65,28.85,-,-,70.6,-
495,屏東縣,2018/05/01,潮州,1.7,0.19,-,20.9,44,16,5.88,0.9,4.98,-,-,-,1.88,1.54,27.52,-,-,70.17,-
496,屏東縣,2018/05/01,恆春,1.6,0.14,412.07,24.3,34,10,1.83,0.3,1.47,-,-,-,3.02,2.9,27.89,0,0,80.68,0
497,臺東縣,2018/05/07,臺東,1.4,0.31,-,15.6,32,10,7.78,2.59,5.19,-,-,-,1.94,1.56,29.25,0,0,72.33,0
498,臺東縣,2018/05/07,關山,2.2,-,-,11.5,21,6,6.35,2.93,3.43,-,-,-,0.74,0.57,27.59,-,-,77.68,-
499,臺東縣,2018/05/06,臺東,1.4,0.25,-,15.9,27,8,5.59,1.71,3.88,-,-,-,2.08,1.71,27.2,0,0,81.83,0
500,臺東縣,2018/05/06,關山,1.5,-,-,11.7,20,5,4.62,1.66,2.96,-,-,-,1.5,1.3,25.08,-,-,86.28,-
501,臺東縣,2018/05/05,臺東,1.2,0.32,-,33.5,25,11,7.42,2.28,5.14,-,-,-,1.72,1.35,24.95,0,0,78.71,0
502,臺東縣,2018/05/05,關山,1.9,-,-,29.8,21,11,3.82,0.81,2.99,-,-,-,1.06,0.91,24,-,-,80.2,-
503,臺東縣,2018/05/04,臺東,0.5,0.39,-,43.4,28,13,7.32,1.23,6.09,-,-,-,1.77,1.5,23.49,0.5,4.48,80.68,129
504,臺東縣,2018/05/04,關山,1.6,-,-,38.2,27,14,5.01,1.5,3.52,-,-,-,1.32,1.07,22.14,-,-,82.23,-
505,臺東縣,2018/05/03,臺東,1.2,0.36,-,35.6,34,13,6.07,1.37,4.7,-,-,-,2.42,1.95,25.52,0,0,78.23,0
506,臺東縣,2018/05/03,關山,1.4,-,-,35.4,32,10,6.28,1.44,4.84,-,-,-,1.98,1.56,23.43,-,-,82.26,-
507,臺東縣,2018/05/02,臺東,1.6,0.29,-,11.4,24,7,7.31,2.48,4.83,-,-,-,1.77,1.4,27.94,0,0,78.73,0
508,臺東縣,2018/05/02,關山,2.6,-,-,12.3,20,5,2.88,0.92,1.95,-,-,-,1.32,1.17,26.74,-,-,77.49,-
509,臺東縣,2018/05/01,臺東,1.5,0.36,-,13.7,29,11,9.82,3.3,6.52,-,-,-,1.49,1.26,27.15,0,0,77,0
510,臺東縣,2018/05/01,關山,2.1,-,-,13.8,25,9,3.7,1.33,2.37,-,-,-,1.33,1.19,26.18,-,-,77.7,-
511,花蓮縣,2018/05/07,花蓮,1.8,0.27,-,13.7,29,5,8.52,2.23,6.26,-,-,-,1.85,1.54,27.13,0,0,80.36,0
512,花蓮縣,2018/05/06,花蓮,1.9,0.21,-,20.3,25,4,3.57,0.85,2.71,-,-,-,2.87,2.47,26.5,0,0,78.93,0
513,花蓮縣,2018/05/05,花蓮,1.8,0.21,-,41,31,8,3.33,0.3,3.09,-,-,-,2.5,2.28,24.38,0,0,78.84,0
514,花蓮縣,2018/05/04,花蓮,1.9,0.36,-,42.9,38,13,10.5,1.29,9.2,-,-,-,1.71,1.54,22.45,1,4.37,79.83,55.15
515,花蓮縣,2018/05/03,花蓮,1.4,0.38,-,54.6,41,15,6.77,0.6,6.15,-,-,-,3.04,2.59,23.95,0,0,75.52,0
516,花蓮縣,2018/05/02,花蓮,1.8,0.19,-,16.2,22,5,4.4,0.88,3.49,-,-,-,2.28,1.99,27.66,0,0,74.53,0
517,花蓮縣,2018/05/01,花蓮,1.5,0.22,-,19.6,27,6,5.64,1.3,4.32,-,-,-,2.19,1.94,26.84,0,0,75.28,0
518,澎湖縣,2018/05/07,馬公,3.3,0.17,-,18.1,16,7,7.8,2.95,4.85,-,-,-,3.29,3.06,27.83,0,0,90.74,0
519,澎湖縣,2018/05/06,馬公,4.6,0.21,-,26.5,26,10,9.33,2.88,6.45,-,-,-,2.46,2.26,27.61,0,0,85.59,0
520,澎湖縣,2018/05/05,馬公,1.9,0.24,-,49.5,47,17,5.04,0.74,4.27,-,-,-,1.76,1.38,25.44,0,0,81.21,0
521,澎湖縣,2018/05/04,馬公,1.3,0.23,-,55.9,39,14,3.49,0.61,2.85,-,-,-,3.88,3.02,24.4,0,0,77,0
522,澎湖縣,2018/05/03,馬公,1.8,0.31,-,50,36,20,4.4,1.15,3.25,-,-,-,5.17,3.88,24.68,0,0,84.64,0
523,澎湖縣,2018/05/02,馬公,1.5,0.18,-,17.5,13,9,5.35,2.16,3.19,-,-,-,1.6,1.39,26.66,0,0,88.3,0
524,澎湖縣,2018/05/01,馬公,1.2,0.2,-,22.3,16,10,6.58,2.32,4.26,-,-,-,2.01,1.84,26.21,0,0,91.02,0
525,金門縣,2018/05/07,金門,2.9,0.11,-,19.3,23,9,10.19,1.47,8.7,-,-,-,4.12,3.69,24.91,13,4.95,99.71,18.49
526,金門縣,2018/05/06,金門,4,0.13,-,28.6,40,14,6.78,0.53,6.23,-,-,-,3.97,3.85,25.96,0,0,91.41,0
527,金門縣,2018/05/05,金門,4.2,0.26,-,51.3,58,26,13.21,1.12,12.03,-,-,-,2.22,1.93,25.18,0,0,61.63,0
528,金門縣,2018/05/04,金門,3.6,0.29,-,61.4,50,19,9.83,0.56,9.22,-,-,-,2.95,2.51,23.73,0,0,47.53,0
529,金門縣,2018/05/03,金門,2.3,0.35,-,54.5,48,26,8.57,0.3,8.29,-,-,-,4,3.23,23.24,4,5.05,72.99,29.7
530,金門縣,2018/05/02,金門,3.3,0.17,-,21.1,33,18,10.43,1.66,8.76,-,-,-,3.9,3.66,25.85,0,0,91.71,0
531,金門縣,2018/05/01,金門,4,0.18,-,22.5,38,21,10.84,1.39,9.43,-,-,-,3.83,3.45,26,0,0,85.95,0
532,連江縣,2018/05/07,馬祖,0.9,0.12,-,20.3,36,14,6.48,1.02,5.43,-,-,-,4.41,4.23,23.56,0.75,6.33,91.85,38.28
533,連江縣,2018/05/06,馬祖,2.8,0.2,-,33.5,49,21,5.99,0.94,5.02,-,-,-,4.7,4.16,23.65,0,0,87.59,0
534,連江縣,2018/05/05,馬祖,3.9,0.34,-,62.1,42,18,6.55,0.56,5.94,-,-,-,2.17,1.87,22.23,0,0,74.45,0
535,連江縣,2018/05/04,馬祖,3.4,0.35,-,59.3,34,21,7.65,0.42,7.24,-,-,-,2.42,2.04,20.25,0,0,69.71,0
536,連江縣,2018/05/03,馬祖,1.7,0.3,-,62.4,37,18,3.62,0.31,3.23,-,-,-,2.16,1.68,18.08,3.33,4.27,79.86,51.91
537,連江縣,2018/05/02,馬祖,3.2,0.26,-,29.1,41,19,9.64,1.91,7.71,-,-,-,3.84,3.7,24.03,0,0,84.92,0
538,連江縣,2018/05/01,馬祖,2.9,0.17,-,22.6,38,20,10.58,1.71,8.86,-,-,-,2.64,2.48,23.42,0,0,87.2,0
,,,,,,,,,,,,,,,,,,,,,,
